Indicador;Características del sustentador principal;periodo;Total
TOTAL (Millones de euros);Hombres;2023;7.655,0
TOTAL (Millones de euros);Hombres;2022;7.737,6
TOTAL (Millones de euros);Hombres;2021;7.377,3
TOTAL (Millones de euros);Hombres;2020;7.253,8
TOTAL (Millones de euros);Hombres;2019;8.562,3
TOTAL (Millones de euros);Hombres;2018;9.094,4
TOTAL (Millones de euros);Hombres;2017;9.543,8
TOTAL (Millones de euros);Hombres;2016;10.024,1
TOTAL (Millones de euros);Mujeres;2023;3.651,9
TOTAL (Millones de euros);Mujeres;2022;3.618,6
TOTAL (Millones de euros);Mujeres;2021;3.396,2
TOTAL (Millones de euros);Mujeres;2020;3.231,1
TOTAL (Millones de euros);Mujeres;2019;3.889,3
TOTAL (Millones de euros);Mujeres;2018;3.619,9
TOTAL (Millones de euros);Mujeres;2017;3.754,7
TOTAL (Millones de euros);Mujeres;2016;4.075,3
TOTAL (Millones de euros);Grupo de edad: de 16 a 29 años;2023;443,9
TOTAL (Millones de euros);Grupo de edad: de 16 a 29 años;2022;369,9
TOTAL (Millones de euros);Grupo de edad: de 16 a 29 años;2021;310,1
TOTAL (Millones de euros);Grupo de edad: de 16 a 29 años;2020;395,3
TOTAL (Millones de euros);Grupo de edad: de 16 a 29 años;2019;537,2
TOTAL (Millones de euros);Grupo de edad: de 16 a 29 años;2018;518,4
TOTAL (Millones de euros);Grupo de edad: de 16 a 29 años;2017;519,1
TOTAL (Millones de euros);Grupo de edad: de 16 a 29 años;2016;612,1
TOTAL (Millones de euros);Grupo de edad: de 30 a 44 años;2023;3.474,9
TOTAL (Millones de euros);Grupo de edad: de 30 a 44 años;2022;3.471,2
TOTAL (Millones de euros);Grupo de edad: de 30 a 44 años;2021;3.288,0
TOTAL (Millones de euros);Grupo de edad: de 30 a 44 años;2020;3.244,9
TOTAL (Millones de euros);Grupo de edad: de 30 a 44 años;2019;4.066,5
TOTAL (Millones de euros);Grupo de edad: de 30 a 44 años;2018;4.153,4
TOTAL (Millones de euros);Grupo de edad: de 30 a 44 años;2017;4.258,1
TOTAL (Millones de euros);Grupo de edad: de 30 a 44 años;2016;4.722,5
TOTAL (Millones de euros);Grupo de edad: de 45 a 64 años;2023;5.460,4
TOTAL (Millones de euros);Grupo de edad: de 45 a 64 años;2022;5.635,9
TOTAL (Millones de euros);Grupo de edad: de 45 a 64 años;2021;5.376,0
TOTAL (Millones de euros);Grupo de edad: de 45 a 64 años;2020;5.128,0
TOTAL (Millones de euros);Grupo de edad: de 45 a 64 años;2019;5.867,0
TOTAL (Millones de euros);Grupo de edad: de 45 a 64 años;2018;5.986,9
TOTAL (Millones de euros);Grupo de edad: de 45 a 64 años;2017;6.291,1
TOTAL (Millones de euros);Grupo de edad: de 45 a 64 años;2016;6.422,2
TOTAL (Millones de euros);Grupo de edad: de 65 años en adelante;2023;1.927,7
TOTAL (Millones de euros);Grupo de edad: de 65 años en adelante;2022;1.879,1
TOTAL (Millones de euros);Grupo de edad: de 65 años en adelante;2021;1.799,4
TOTAL (Millones de euros);Grupo de edad: de 65 años en adelante;2020;1.716,6
TOTAL (Millones de euros);Grupo de edad: de 65 años en adelante;2019;1.980,8
TOTAL (Millones de euros);Grupo de edad: de 65 años en adelante;2018;2.055,6
TOTAL (Millones de euros);Grupo de edad: de 65 años en adelante;2017;2.230,1
TOTAL (Millones de euros);Grupo de edad: de 65 años en adelante;2016;2.342,7
TOTAL (Millones de euros);Nivel de estudios:  Primera etapa de ed. secundaria e inferior;2023;3.012,3
TOTAL (Millones de euros);Nivel de estudios:  Primera etapa de ed. secundaria e inferior;2022;2.984,4
TOTAL (Millones de euros);Nivel de estudios:  Primera etapa de ed. secundaria e inferior;2021;2.930,6
TOTAL (Millones de euros);Nivel de estudios:  Primera etapa de ed. secundaria e inferior;2020;2.994,7
TOTAL (Millones de euros);Nivel de estudios:  Primera etapa de ed. secundaria e inferior;2019;3.792,5
TOTAL (Millones de euros);Nivel de estudios:  Primera etapa de ed. secundaria e inferior;2018;4.141,2
TOTAL (Millones de euros);Nivel de estudios:  Primera etapa de ed. secundaria e inferior;2017;4.518,8
TOTAL (Millones de euros);Nivel de estudios:  Primera etapa de ed. secundaria e inferior;2016;4.829,9
TOTAL (Millones de euros);Nivel de estudios:  Segunda etapa de educación secundaria;2023;2.148,8
TOTAL (Millones de euros);Nivel de estudios:  Segunda etapa de educación secundaria;2022;2.131,7
TOTAL (Millones de euros);Nivel de estudios:  Segunda etapa de educación secundaria;2021;2.076,3
TOTAL (Millones de euros);Nivel de estudios:  Segunda etapa de educación secundaria;2020;2.012,3
TOTAL (Millones de euros);Nivel de estudios:  Segunda etapa de educación secundaria;2019;2.416,9
TOTAL (Millones de euros);Nivel de estudios:  Segunda etapa de educación secundaria;2018;2.430,9
TOTAL (Millones de euros);Nivel de estudios:  Segunda etapa de educación secundaria;2017;2.588,6
TOTAL (Millones de euros);Nivel de estudios:  Segunda etapa de educación secundaria;2016;2.845,4
TOTAL (Millones de euros);Nivel de estudios: Educación superior o equivalente;2023;6.145,9
TOTAL (Millones de euros);Nivel de estudios: Educación superior o equivalente;2022;6.240,1
TOTAL (Millones de euros);Nivel de estudios: Educación superior o equivalente;2021;5.766,7
TOTAL (Millones de euros);Nivel de estudios: Educación superior o equivalente;2020;5.477,9
TOTAL (Millones de euros);Nivel de estudios: Educación superior o equivalente;2019;6.242,2
TOTAL (Millones de euros);Nivel de estudios: Educación superior o equivalente;2018;6.142,2
TOTAL (Millones de euros);Nivel de estudios: Educación superior o equivalente;2017;6.191,0
TOTAL (Millones de euros);Nivel de estudios: Educación superior o equivalente;2016;6.424,1
TOTAL (Millones de euros);Situación laboral: Ocupado;2023;8.739,1
TOTAL (Millones de euros);Situación laboral: Ocupado;2022;8.682,5
TOTAL (Millones de euros);Situación laboral: Ocupado;2021;8.210,9
TOTAL (Millones de euros);Situación laboral: Ocupado;2020;7.890,3
TOTAL (Millones de euros);Situación laboral: Ocupado;2019;9.501,8
TOTAL (Millones de euros);Situación laboral: Ocupado;2018;9.534,2
TOTAL (Millones de euros);Situación laboral: Ocupado;2017;9.917,8
TOTAL (Millones de euros);Situación laboral: Ocupado;2016;10.337,3
TOTAL (Millones de euros);Situación laboral: Parado;2023;368,0
TOTAL (Millones de euros);Situación laboral: Parado;2022;331,6
TOTAL (Millones de euros);Situación laboral: Parado;2021;387,0
TOTAL (Millones de euros);Situación laboral: Parado;2020;465,2
TOTAL (Millones de euros);Situación laboral: Parado;2019;431,7
TOTAL (Millones de euros);Situación laboral: Parado;2018;469,4
TOTAL (Millones de euros);Situación laboral: Parado;2017;480,8
TOTAL (Millones de euros);Situación laboral: Parado;2016;655,3
TOTAL (Millones de euros);Situación laboral: Jubilado o retirado;2023;1.921,8
TOTAL (Millones de euros);Situación laboral: Jubilado o retirado;2022;2.033,6
TOTAL (Millones de euros);Situación laboral: Jubilado o retirado;2021;1.949,2
TOTAL (Millones de euros);Situación laboral: Jubilado o retirado;2020;1.840,3
TOTAL (Millones de euros);Situación laboral: Jubilado o retirado;2019;2.156,1
TOTAL (Millones de euros);Situación laboral: Jubilado o retirado;2018;2.312,1
TOTAL (Millones de euros);Situación laboral: Jubilado o retirado;2017;2.484,0
TOTAL (Millones de euros);Situación laboral: Jubilado o retirado;2016;2.630,0
TOTAL (Millones de euros);Situación laboral: Otros inactivos;2023;278,0
TOTAL (Millones de euros);Situación laboral: Otros inactivos;2022;308,5
TOTAL (Millones de euros);Situación laboral: Otros inactivos;2021;226,4
TOTAL (Millones de euros);Situación laboral: Otros inactivos;2020;289,1
TOTAL (Millones de euros);Situación laboral: Otros inactivos;2019;362,0
TOTAL (Millones de euros);Situación laboral: Otros inactivos;2018;398,7
TOTAL (Millones de euros);Situación laboral: Otros inactivos;2017;415,9
TOTAL (Millones de euros);Situación laboral: Otros inactivos;2016;476,9
TOTAL (Millones de euros);Estado civil: Soltero;2023;3.087,1
TOTAL (Millones de euros);Estado civil: Soltero;2022;2.856,8
TOTAL (Millones de euros);Estado civil: Soltero;2021;2.531,6
TOTAL (Millones de euros);Estado civil: Soltero;2020;2.462,5
TOTAL (Millones de euros);Estado civil: Soltero;2019;3.005,7
TOTAL (Millones de euros);Estado civil: Soltero;2018;2.838,0
TOTAL (Millones de euros);Estado civil: Soltero;2017;2.992,5
TOTAL (Millones de euros);Estado civil: Soltero;2016;3.073,4
TOTAL (Millones de euros);Estado civil: Casado;2023;6.568,1
TOTAL (Millones de euros);Estado civil: Casado;2022;6.763,1
TOTAL (Millones de euros);Estado civil: Casado;2021;6.677,9
TOTAL (Millones de euros);Estado civil: Casado;2020;6.372,6
TOTAL (Millones de euros);Estado civil: Casado;2019;7.447,7
TOTAL (Millones de euros);Estado civil: Casado;2018;7.959,3
TOTAL (Millones de euros);Estado civil: Casado;2017;8.278,9
TOTAL (Millones de euros);Estado civil: Casado;2016;8.967,1
TOTAL (Millones de euros);Estado civil: Viudo;2023;573,0
TOTAL (Millones de euros);Estado civil: Viudo;2022;540,1
TOTAL (Millones de euros);Estado civil: Viudo;2021;521,3
TOTAL (Millones de euros);Estado civil: Viudo;2020;623,1
TOTAL (Millones de euros);Estado civil: Viudo;2019;780,1
TOTAL (Millones de euros);Estado civil: Viudo;2018;706,9
TOTAL (Millones de euros);Estado civil: Viudo;2017;776,1
TOTAL (Millones de euros);Estado civil: Viudo;2016;775,5
TOTAL (Millones de euros);Estado civil: Separado;2023;243,3
TOTAL (Millones de euros);Estado civil: Separado;2022;241,0
TOTAL (Millones de euros);Estado civil: Separado;2021;230,0
TOTAL (Millones de euros);Estado civil: Separado;2020;210,6
TOTAL (Millones de euros);Estado civil: Separado;2019;259,5
TOTAL (Millones de euros);Estado civil: Separado;2018;282,5
TOTAL (Millones de euros);Estado civil: Separado;2017;335,9
TOTAL (Millones de euros);Estado civil: Separado;2016;378,7
TOTAL (Millones de euros);Estado civil: Divorciado;2023;835,5
TOTAL (Millones de euros);Estado civil: Divorciado;2022;955,2
TOTAL (Millones de euros);Estado civil: Divorciado;2021;812,7
TOTAL (Millones de euros);Estado civil: Divorciado;2020;816,1
TOTAL (Millones de euros);Estado civil: Divorciado;2019;958,5
TOTAL (Millones de euros);Estado civil: Divorciado;2018;927,6
TOTAL (Millones de euros);Estado civil: Divorciado;2017;915,1
TOTAL (Millones de euros);Estado civil: Divorciado;2016;904,7
TOTAL (Millones de euros);Tipo de hogar: Persona sola;2023;1.990,3
TOTAL (Millones de euros);Tipo de hogar: Persona sola;2022;1.815,5
TOTAL (Millones de euros);Tipo de hogar: Persona sola;2021;1.633,1
TOTAL (Millones de euros);Tipo de hogar: Persona sola;2020;1.616,9
TOTAL (Millones de euros);Tipo de hogar: Persona sola;2019;1.942,0
TOTAL (Millones de euros);Tipo de hogar: Persona sola;2018;1.850,4
TOTAL (Millones de euros);Tipo de hogar: Persona sola;2017;1.887,7
TOTAL (Millones de euros);Tipo de hogar: Persona sola;2016;1.907,3
TOTAL (Millones de euros);Tipo de hogar: Pareja sin hijos;2023;2.221,6
TOTAL (Millones de euros);Tipo de hogar: Pareja sin hijos;2022;2.267,9
TOTAL (Millones de euros);Tipo de hogar: Pareja sin hijos;2021;2.086,4
TOTAL (Millones de euros);Tipo de hogar: Pareja sin hijos;2020;1.984,9
TOTAL (Millones de euros);Tipo de hogar: Pareja sin hijos;2019;2.464,0
TOTAL (Millones de euros);Tipo de hogar: Pareja sin hijos;2018;2.452,0
TOTAL (Millones de euros);Tipo de hogar: Pareja sin hijos;2017;2.574,9
TOTAL (Millones de euros);Tipo de hogar: Pareja sin hijos;2016;2.791,3
TOTAL (Millones de euros);Tipo de hogar: Pareja con un hijo;2023;2.023,9
TOTAL (Millones de euros);Tipo de hogar: Pareja con un hijo;2022;1.971,3
TOTAL (Millones de euros);Tipo de hogar: Pareja con un hijo;2021;2.002,4
TOTAL (Millones de euros);Tipo de hogar: Pareja con un hijo;2020;1.922,0
TOTAL (Millones de euros);Tipo de hogar: Pareja con un hijo;2019;2.401,8
TOTAL (Millones de euros);Tipo de hogar: Pareja con un hijo;2018;2.493,4
TOTAL (Millones de euros);Tipo de hogar: Pareja con un hijo;2017;2.591,5
TOTAL (Millones de euros);Tipo de hogar: Pareja con un hijo;2016;2.788,9
TOTAL (Millones de euros);Tipo de hogar: Pareja con dos hijos;2023;2.293,9
TOTAL (Millones de euros);Tipo de hogar: Pareja con dos hijos;2022;2.549,3
TOTAL (Millones de euros);Tipo de hogar: Pareja con dos hijos;2021;2.574,6
TOTAL (Millones de euros);Tipo de hogar: Pareja con dos hijos;2020;2.429,3
TOTAL (Millones de euros);Tipo de hogar: Pareja con dos hijos;2019;2.830,9
TOTAL (Millones de euros);Tipo de hogar: Pareja con dos hijos;2018;3.086,3
TOTAL (Millones de euros);Tipo de hogar: Pareja con dos hijos;2017;3.176,3
TOTAL (Millones de euros);Tipo de hogar: Pareja con dos hijos;2016;3.405,9
TOTAL (Millones de euros);Tipo de hogar: Pareja con tres o más hijos;2023;851,3
TOTAL (Millones de euros);Tipo de hogar: Pareja con tres o más hijos;2022;806,1
TOTAL (Millones de euros);Tipo de hogar: Pareja con tres o más hijos;2021;656,4
TOTAL (Millones de euros);Tipo de hogar: Pareja con tres o más hijos;2020;602,4
TOTAL (Millones de euros);Tipo de hogar: Pareja con tres o más hijos;2019;692,5
TOTAL (Millones de euros);Tipo de hogar: Pareja con tres o más hijos;2018;744,0
TOTAL (Millones de euros);Tipo de hogar: Pareja con tres o más hijos;2017;770,7
TOTAL (Millones de euros);Tipo de hogar: Pareja con tres o más hijos;2016;828,8
TOTAL (Millones de euros);Tipo de hogar: Un adulto con hijos;2023;864,9
TOTAL (Millones de euros);Tipo de hogar: Un adulto con hijos;2022;955,3
TOTAL (Millones de euros);Tipo de hogar: Un adulto con hijos;2021;875,8
TOTAL (Millones de euros);Tipo de hogar: Un adulto con hijos;2020;903,9
TOTAL (Millones de euros);Tipo de hogar: Un adulto con hijos;2019;1.007,7
TOTAL (Millones de euros);Tipo de hogar: Un adulto con hijos;2018;920,9
TOTAL (Millones de euros);Tipo de hogar: Un adulto con hijos;2017;1.000,3
TOTAL (Millones de euros);Tipo de hogar: Un adulto con hijos;2016;1.086,2
TOTAL (Millones de euros);Tipo de hogar: Otro tipo de hogares;2023;1.061,0
TOTAL (Millones de euros);Tipo de hogar: Otro tipo de hogares;2022;990,8
TOTAL (Millones de euros);Tipo de hogar: Otro tipo de hogares;2021;944,9
TOTAL (Millones de euros);Tipo de hogar: Otro tipo de hogares;2020;1.025,5
TOTAL (Millones de euros);Tipo de hogar: Otro tipo de hogares;2019;1.112,6
TOTAL (Millones de euros);Tipo de hogar: Otro tipo de hogares;2018;1.167,2
TOTAL (Millones de euros);Tipo de hogar: Otro tipo de hogares;2017;1.297,0
TOTAL (Millones de euros);Tipo de hogar: Otro tipo de hogares;2016;1.291,1
EN PORCENTAJE DEL GASTO EN EL TOTAL DE BIENES Y SERVICIOS;Hombres;2023;1,8
EN PORCENTAJE DEL GASTO EN EL TOTAL DE BIENES Y SERVICIOS;Hombres;2022;1,9
EN PORCENTAJE DEL GASTO EN EL TOTAL DE BIENES Y SERVICIOS;Hombres;2021;2,0
EN PORCENTAJE DEL GASTO EN EL TOTAL DE BIENES Y SERVICIOS;Hombres;2020;2,1
EN PORCENTAJE DEL GASTO EN EL TOTAL DE BIENES Y SERVICIOS;Hombres;2019;2,2
EN PORCENTAJE DEL GASTO EN EL TOTAL DE BIENES Y SERVICIOS;Hombres;2018;2,3
EN PORCENTAJE DEL GASTO EN EL TOTAL DE BIENES Y SERVICIOS;Hombres;2017;2,5
EN PORCENTAJE DEL GASTO EN EL TOTAL DE BIENES Y SERVICIOS;Hombres;2016;2,7
EN PORCENTAJE DEL GASTO EN EL TOTAL DE BIENES Y SERVICIOS;Mujeres;2023;1,8
EN PORCENTAJE DEL GASTO EN EL TOTAL DE BIENES Y SERVICIOS;Mujeres;2022;1,8
EN PORCENTAJE DEL GASTO EN EL TOTAL DE BIENES Y SERVICIOS;Mujeres;2021;1,9
EN PORCENTAJE DEL GASTO EN EL TOTAL DE BIENES Y SERVICIOS;Mujeres;2020;2,0
EN PORCENTAJE DEL GASTO EN EL TOTAL DE BIENES Y SERVICIOS;Mujeres;2019;2,2
EN PORCENTAJE DEL GASTO EN EL TOTAL DE BIENES Y SERVICIOS;Mujeres;2018;2,2
EN PORCENTAJE DEL GASTO EN EL TOTAL DE BIENES Y SERVICIOS;Mujeres;2017;2,4
EN PORCENTAJE DEL GASTO EN EL TOTAL DE BIENES Y SERVICIOS;Mujeres;2016;2,6
EN PORCENTAJE DEL GASTO EN EL TOTAL DE BIENES Y SERVICIOS;Grupo de edad: de 16 a 29 años;2023;2,8
EN PORCENTAJE DEL GASTO EN EL TOTAL DE BIENES Y SERVICIOS;Grupo de edad: de 16 a 29 años;2022;2,5
EN PORCENTAJE DEL GASTO EN EL TOTAL DE BIENES Y SERVICIOS;Grupo de edad: de 16 a 29 años;2021;2,6
EN PORCENTAJE DEL GASTO EN EL TOTAL DE BIENES Y SERVICIOS;Grupo de edad: de 16 a 29 años;2020;3,0
EN PORCENTAJE DEL GASTO EN EL TOTAL DE BIENES Y SERVICIOS;Grupo de edad: de 16 a 29 años;2019;3,5
EN PORCENTAJE DEL GASTO EN EL TOTAL DE BIENES Y SERVICIOS;Grupo de edad: de 16 a 29 años;2018;3,4
EN PORCENTAJE DEL GASTO EN EL TOTAL DE BIENES Y SERVICIOS;Grupo de edad: de 16 a 29 años;2017;3,3
EN PORCENTAJE DEL GASTO EN EL TOTAL DE BIENES Y SERVICIOS;Grupo de edad: de 16 a 29 años;2016;4,4
EN PORCENTAJE DEL GASTO EN EL TOTAL DE BIENES Y SERVICIOS;Grupo de edad: de 30 a 44 años;2023;2,4
EN PORCENTAJE DEL GASTO EN EL TOTAL DE BIENES Y SERVICIOS;Grupo de edad: de 30 a 44 años;2022;2,4
EN PORCENTAJE DEL GASTO EN EL TOTAL DE BIENES Y SERVICIOS;Grupo de edad: de 30 a 44 años;2021;2,4
EN PORCENTAJE DEL GASTO EN EL TOTAL DE BIENES Y SERVICIOS;Grupo de edad: de 30 a 44 años;2020;2,6
EN PORCENTAJE DEL GASTO EN EL TOTAL DE BIENES Y SERVICIOS;Grupo de edad: de 30 a 44 años;2019;2,7
EN PORCENTAJE DEL GASTO EN EL TOTAL DE BIENES Y SERVICIOS;Grupo de edad: de 30 a 44 años;2018;2,8
EN PORCENTAJE DEL GASTO EN EL TOTAL DE BIENES Y SERVICIOS;Grupo de edad: de 30 a 44 años;2017;3,0
EN PORCENTAJE DEL GASTO EN EL TOTAL DE BIENES Y SERVICIOS;Grupo de edad: de 30 a 44 años;2016;3,2
EN PORCENTAJE DEL GASTO EN EL TOTAL DE BIENES Y SERVICIOS;Grupo de edad: de 45 a 64 años;2023;1,8
EN PORCENTAJE DEL GASTO EN EL TOTAL DE BIENES Y SERVICIOS;Grupo de edad: de 45 a 64 años;2022;2,0
EN PORCENTAJE DEL GASTO EN EL TOTAL DE BIENES Y SERVICIOS;Grupo de edad: de 45 a 64 años;2021;2,0
EN PORCENTAJE DEL GASTO EN EL TOTAL DE BIENES Y SERVICIOS;Grupo de edad: de 45 a 64 años;2020;2,1
EN PORCENTAJE DEL GASTO EN EL TOTAL DE BIENES Y SERVICIOS;Grupo de edad: de 45 a 64 años;2019;2,2
EN PORCENTAJE DEL GASTO EN EL TOTAL DE BIENES Y SERVICIOS;Grupo de edad: de 45 a 64 años;2018;2,4
EN PORCENTAJE DEL GASTO EN EL TOTAL DE BIENES Y SERVICIOS;Grupo de edad: de 45 a 64 años;2017;2,6
EN PORCENTAJE DEL GASTO EN EL TOTAL DE BIENES Y SERVICIOS;Grupo de edad: de 45 a 64 años;2016;2,8
EN PORCENTAJE DEL GASTO EN EL TOTAL DE BIENES Y SERVICIOS;Grupo de edad: de 65 años en adelante;2023;1,2
EN PORCENTAJE DEL GASTO EN EL TOTAL DE BIENES Y SERVICIOS;Grupo de edad: de 65 años en adelante;2022;1,2
EN PORCENTAJE DEL GASTO EN EL TOTAL DE BIENES Y SERVICIOS;Grupo de edad: de 65 años en adelante;2021;1,3
EN PORCENTAJE DEL GASTO EN EL TOTAL DE BIENES Y SERVICIOS;Grupo de edad: de 65 años en adelante;2020;1,3
EN PORCENTAJE DEL GASTO EN EL TOTAL DE BIENES Y SERVICIOS;Grupo de edad: de 65 años en adelante;2019;1,4
EN PORCENTAJE DEL GASTO EN EL TOTAL DE BIENES Y SERVICIOS;Grupo de edad: de 65 años en adelante;2018;1,5
EN PORCENTAJE DEL GASTO EN EL TOTAL DE BIENES Y SERVICIOS;Grupo de edad: de 65 años en adelante;2017;1,6
EN PORCENTAJE DEL GASTO EN EL TOTAL DE BIENES Y SERVICIOS;Grupo de edad: de 65 años en adelante;2016;1,8
EN PORCENTAJE DEL GASTO EN EL TOTAL DE BIENES Y SERVICIOS;Nivel de estudios:  Primera etapa de ed. secundaria e inferior;2023;1,5
EN PORCENTAJE DEL GASTO EN EL TOTAL DE BIENES Y SERVICIOS;Nivel de estudios:  Primera etapa de ed. secundaria e inferior;2022;1,5
EN PORCENTAJE DEL GASTO EN EL TOTAL DE BIENES Y SERVICIOS;Nivel de estudios:  Primera etapa de ed. secundaria e inferior;2021;1,6
EN PORCENTAJE DEL GASTO EN EL TOTAL DE BIENES Y SERVICIOS;Nivel de estudios:  Primera etapa de ed. secundaria e inferior;2020;1,7
EN PORCENTAJE DEL GASTO EN EL TOTAL DE BIENES Y SERVICIOS;Nivel de estudios:  Primera etapa de ed. secundaria e inferior;2019;1,8
EN PORCENTAJE DEL GASTO EN EL TOTAL DE BIENES Y SERVICIOS;Nivel de estudios:  Primera etapa de ed. secundaria e inferior;2018;2,0
EN PORCENTAJE DEL GASTO EN EL TOTAL DE BIENES Y SERVICIOS;Nivel de estudios:  Primera etapa de ed. secundaria e inferior;2017;2,1
EN PORCENTAJE DEL GASTO EN EL TOTAL DE BIENES Y SERVICIOS;Nivel de estudios:  Primera etapa de ed. secundaria e inferior;2016;2,3
EN PORCENTAJE DEL GASTO EN EL TOTAL DE BIENES Y SERVICIOS;Nivel de estudios:  Segunda etapa de educación secundaria;2023;1,8
EN PORCENTAJE DEL GASTO EN EL TOTAL DE BIENES Y SERVICIOS;Nivel de estudios:  Segunda etapa de educación secundaria;2022;1,8
EN PORCENTAJE DEL GASTO EN EL TOTAL DE BIENES Y SERVICIOS;Nivel de estudios:  Segunda etapa de educación secundaria;2021;2,0
EN PORCENTAJE DEL GASTO EN EL TOTAL DE BIENES Y SERVICIOS;Nivel de estudios:  Segunda etapa de educación secundaria;2020;2,1
EN PORCENTAJE DEL GASTO EN EL TOTAL DE BIENES Y SERVICIOS;Nivel de estudios:  Segunda etapa de educación secundaria;2019;2,2
EN PORCENTAJE DEL GASTO EN EL TOTAL DE BIENES Y SERVICIOS;Nivel de estudios:  Segunda etapa de educación secundaria;2018;2,3
EN PORCENTAJE DEL GASTO EN EL TOTAL DE BIENES Y SERVICIOS;Nivel de estudios:  Segunda etapa de educación secundaria;2017;2,5
EN PORCENTAJE DEL GASTO EN EL TOTAL DE BIENES Y SERVICIOS;Nivel de estudios:  Segunda etapa de educación secundaria;2016;2,9
EN PORCENTAJE DEL GASTO EN EL TOTAL DE BIENES Y SERVICIOS;Nivel de estudios: Educación superior o equivalente;2023;2,0
EN PORCENTAJE DEL GASTO EN EL TOTAL DE BIENES Y SERVICIOS;Nivel de estudios: Educación superior o equivalente;2022;2,2
EN PORCENTAJE DEL GASTO EN EL TOTAL DE BIENES Y SERVICIOS;Nivel de estudios: Educación superior o equivalente;2021;2,2
EN PORCENTAJE DEL GASTO EN EL TOTAL DE BIENES Y SERVICIOS;Nivel de estudios: Educación superior o equivalente;2020;2,4
EN PORCENTAJE DEL GASTO EN EL TOTAL DE BIENES Y SERVICIOS;Nivel de estudios: Educación superior o equivalente;2019;2,5
EN PORCENTAJE DEL GASTO EN EL TOTAL DE BIENES Y SERVICIOS;Nivel de estudios: Educación superior o equivalente;2018;2,6
EN PORCENTAJE DEL GASTO EN EL TOTAL DE BIENES Y SERVICIOS;Nivel de estudios: Educación superior o equivalente;2017;2,8
EN PORCENTAJE DEL GASTO EN EL TOTAL DE BIENES Y SERVICIOS;Nivel de estudios: Educación superior o equivalente;2016;3,0
EN PORCENTAJE DEL GASTO EN EL TOTAL DE BIENES Y SERVICIOS;Situación laboral: Ocupado;2023;2,0
EN PORCENTAJE DEL GASTO EN EL TOTAL DE BIENES Y SERVICIOS;Situación laboral: Ocupado;2022;2,1
EN PORCENTAJE DEL GASTO EN EL TOTAL DE BIENES Y SERVICIOS;Situación laboral: Ocupado;2021;2,2
EN PORCENTAJE DEL GASTO EN EL TOTAL DE BIENES Y SERVICIOS;Situación laboral: Ocupado;2020;2,3
EN PORCENTAJE DEL GASTO EN EL TOTAL DE BIENES Y SERVICIOS;Situación laboral: Ocupado;2019;2,5
EN PORCENTAJE DEL GASTO EN EL TOTAL DE BIENES Y SERVICIOS;Situación laboral: Ocupado;2018;2,6
EN PORCENTAJE DEL GASTO EN EL TOTAL DE BIENES Y SERVICIOS;Situación laboral: Ocupado;2017;2,8
EN PORCENTAJE DEL GASTO EN EL TOTAL DE BIENES Y SERVICIOS;Situación laboral: Ocupado;2016;3,1
EN PORCENTAJE DEL GASTO EN EL TOTAL DE BIENES Y SERVICIOS;Situación laboral: Parado;2023;2,0
EN PORCENTAJE DEL GASTO EN EL TOTAL DE BIENES Y SERVICIOS;Situación laboral: Parado;2022;2,0
EN PORCENTAJE DEL GASTO EN EL TOTAL DE BIENES Y SERVICIOS;Situación laboral: Parado;2021;2,0
EN PORCENTAJE DEL GASTO EN EL TOTAL DE BIENES Y SERVICIOS;Situación laboral: Parado;2020;2,3
EN PORCENTAJE DEL GASTO EN EL TOTAL DE BIENES Y SERVICIOS;Situación laboral: Parado;2019;2,3
EN PORCENTAJE DEL GASTO EN EL TOTAL DE BIENES Y SERVICIOS;Situación laboral: Parado;2018;2,5
EN PORCENTAJE DEL GASTO EN EL TOTAL DE BIENES Y SERVICIOS;Situación laboral: Parado;2017;2,5
EN PORCENTAJE DEL GASTO EN EL TOTAL DE BIENES Y SERVICIOS;Situación laboral: Parado;2016;2,7
EN PORCENTAJE DEL GASTO EN EL TOTAL DE BIENES Y SERVICIOS;Situación laboral: Jubilado o retirado;2023;1,2
EN PORCENTAJE DEL GASTO EN EL TOTAL DE BIENES Y SERVICIOS;Situación laboral: Jubilado o retirado;2022;1,3
EN PORCENTAJE DEL GASTO EN EL TOTAL DE BIENES Y SERVICIOS;Situación laboral: Jubilado o retirado;2021;1,4
EN PORCENTAJE DEL GASTO EN EL TOTAL DE BIENES Y SERVICIOS;Situación laboral: Jubilado o retirado;2020;1,4
EN PORCENTAJE DEL GASTO EN EL TOTAL DE BIENES Y SERVICIOS;Situación laboral: Jubilado o retirado;2019;1,5
EN PORCENTAJE DEL GASTO EN EL TOTAL DE BIENES Y SERVICIOS;Situación laboral: Jubilado o retirado;2018;1,6
EN PORCENTAJE DEL GASTO EN EL TOTAL DE BIENES Y SERVICIOS;Situación laboral: Jubilado o retirado;2017;1,8
EN PORCENTAJE DEL GASTO EN EL TOTAL DE BIENES Y SERVICIOS;Situación laboral: Jubilado o retirado;2016;1,9
EN PORCENTAJE DEL GASTO EN EL TOTAL DE BIENES Y SERVICIOS;Situación laboral: Otros inactivos;2023;1,2
EN PORCENTAJE DEL GASTO EN EL TOTAL DE BIENES Y SERVICIOS;Situación laboral: Otros inactivos;2022;1,3
EN PORCENTAJE DEL GASTO EN EL TOTAL DE BIENES Y SERVICIOS;Situación laboral: Otros inactivos;2021;1,1
EN PORCENTAJE DEL GASTO EN EL TOTAL DE BIENES Y SERVICIOS;Situación laboral: Otros inactivos;2020;1,3
EN PORCENTAJE DEL GASTO EN EL TOTAL DE BIENES Y SERVICIOS;Situación laboral: Otros inactivos;2019;1,4
EN PORCENTAJE DEL GASTO EN EL TOTAL DE BIENES Y SERVICIOS;Situación laboral: Otros inactivos;2018;1,5
EN PORCENTAJE DEL GASTO EN EL TOTAL DE BIENES Y SERVICIOS;Situación laboral: Otros inactivos;2017;1,6
EN PORCENTAJE DEL GASTO EN EL TOTAL DE BIENES Y SERVICIOS;Situación laboral: Otros inactivos;2016;2,0
EN PORCENTAJE DEL GASTO EN EL TOTAL DE BIENES Y SERVICIOS;Estado civil: Soltero;2023;2,2
EN PORCENTAJE DEL GASTO EN EL TOTAL DE BIENES Y SERVICIOS;Estado civil: Soltero;2022;2,3
EN PORCENTAJE DEL GASTO EN EL TOTAL DE BIENES Y SERVICIOS;Estado civil: Soltero;2021;2,2
EN PORCENTAJE DEL GASTO EN EL TOTAL DE BIENES Y SERVICIOS;Estado civil: Soltero;2020;2,4
EN PORCENTAJE DEL GASTO EN EL TOTAL DE BIENES Y SERVICIOS;Estado civil: Soltero;2019;2,8
EN PORCENTAJE DEL GASTO EN EL TOTAL DE BIENES Y SERVICIOS;Estado civil: Soltero;2018;2,7
EN PORCENTAJE DEL GASTO EN EL TOTAL DE BIENES Y SERVICIOS;Estado civil: Soltero;2017;2,9
EN PORCENTAJE DEL GASTO EN EL TOTAL DE BIENES Y SERVICIOS;Estado civil: Soltero;2016;3,2
EN PORCENTAJE DEL GASTO EN EL TOTAL DE BIENES Y SERVICIOS;Estado civil: Casado;2023;1,7
EN PORCENTAJE DEL GASTO EN EL TOTAL DE BIENES Y SERVICIOS;Estado civil: Casado;2022;1,8
EN PORCENTAJE DEL GASTO EN EL TOTAL DE BIENES Y SERVICIOS;Estado civil: Casado;2021;2,0
EN PORCENTAJE DEL GASTO EN EL TOTAL DE BIENES Y SERVICIOS;Estado civil: Casado;2020;2,0
EN PORCENTAJE DEL GASTO EN EL TOTAL DE BIENES Y SERVICIOS;Estado civil: Casado;2019;2,1
EN PORCENTAJE DEL GASTO EN EL TOTAL DE BIENES Y SERVICIOS;Estado civil: Casado;2018;2,3
EN PORCENTAJE DEL GASTO EN EL TOTAL DE BIENES Y SERVICIOS;Estado civil: Casado;2017;2,4
EN PORCENTAJE DEL GASTO EN EL TOTAL DE BIENES Y SERVICIOS;Estado civil: Casado;2016;2,7
EN PORCENTAJE DEL GASTO EN EL TOTAL DE BIENES Y SERVICIOS;Estado civil: Viudo;2023;1,1
EN PORCENTAJE DEL GASTO EN EL TOTAL DE BIENES Y SERVICIOS;Estado civil: Viudo;2022;1,1
EN PORCENTAJE DEL GASTO EN EL TOTAL DE BIENES Y SERVICIOS;Estado civil: Viudo;2021;1,2
EN PORCENTAJE DEL GASTO EN EL TOTAL DE BIENES Y SERVICIOS;Estado civil: Viudo;2020;1,4
EN PORCENTAJE DEL GASTO EN EL TOTAL DE BIENES Y SERVICIOS;Estado civil: Viudo;2019;1,6
EN PORCENTAJE DEL GASTO EN EL TOTAL DE BIENES Y SERVICIOS;Estado civil: Viudo;2018;1,4
EN PORCENTAJE DEL GASTO EN EL TOTAL DE BIENES Y SERVICIOS;Estado civil: Viudo;2017;1,6
EN PORCENTAJE DEL GASTO EN EL TOTAL DE BIENES Y SERVICIOS;Estado civil: Viudo;2016;1,7
EN PORCENTAJE DEL GASTO EN EL TOTAL DE BIENES Y SERVICIOS;Estado civil: Separado;2023;1,9
EN PORCENTAJE DEL GASTO EN EL TOTAL DE BIENES Y SERVICIOS;Estado civil: Separado;2022;1,8
EN PORCENTAJE DEL GASTO EN EL TOTAL DE BIENES Y SERVICIOS;Estado civil: Separado;2021;2,2
EN PORCENTAJE DEL GASTO EN EL TOTAL DE BIENES Y SERVICIOS;Estado civil: Separado;2020;1,9
EN PORCENTAJE DEL GASTO EN EL TOTAL DE BIENES Y SERVICIOS;Estado civil: Separado;2019;2,1
EN PORCENTAJE DEL GASTO EN EL TOTAL DE BIENES Y SERVICIOS;Estado civil: Separado;2018;2,3
EN PORCENTAJE DEL GASTO EN EL TOTAL DE BIENES Y SERVICIOS;Estado civil: Separado;2017;2,7
EN PORCENTAJE DEL GASTO EN EL TOTAL DE BIENES Y SERVICIOS;Estado civil: Separado;2016;2,9
EN PORCENTAJE DEL GASTO EN EL TOTAL DE BIENES Y SERVICIOS;Estado civil: Divorciado;2023;1,8
EN PORCENTAJE DEL GASTO EN EL TOTAL DE BIENES Y SERVICIOS;Estado civil: Divorciado;2022;2,1
EN PORCENTAJE DEL GASTO EN EL TOTAL DE BIENES Y SERVICIOS;Estado civil: Divorciado;2021;1,9
EN PORCENTAJE DEL GASTO EN EL TOTAL DE BIENES Y SERVICIOS;Estado civil: Divorciado;2020;2,2
EN PORCENTAJE DEL GASTO EN EL TOTAL DE BIENES Y SERVICIOS;Estado civil: Divorciado;2019;2,3
EN PORCENTAJE DEL GASTO EN EL TOTAL DE BIENES Y SERVICIOS;Estado civil: Divorciado;2018;2,5
EN PORCENTAJE DEL GASTO EN EL TOTAL DE BIENES Y SERVICIOS;Estado civil: Divorciado;2017;2,5
EN PORCENTAJE DEL GASTO EN EL TOTAL DE BIENES Y SERVICIOS;Estado civil: Divorciado;2016;2,8
EN PORCENTAJE DEL GASTO EN EL TOTAL DE BIENES Y SERVICIOS;Tipo de hogar: Persona sola;2023;1,7
EN PORCENTAJE DEL GASTO EN EL TOTAL DE BIENES Y SERVICIOS;Tipo de hogar: Persona sola;2022;1,7
EN PORCENTAJE DEL GASTO EN EL TOTAL DE BIENES Y SERVICIOS;Tipo de hogar: Persona sola;2021;1,7
EN PORCENTAJE DEL GASTO EN EL TOTAL DE BIENES Y SERVICIOS;Tipo de hogar: Persona sola;2020;1,8
EN PORCENTAJE DEL GASTO EN EL TOTAL DE BIENES Y SERVICIOS;Tipo de hogar: Persona sola;2019;2,0
EN PORCENTAJE DEL GASTO EN EL TOTAL DE BIENES Y SERVICIOS;Tipo de hogar: Persona sola;2018;2,0
EN PORCENTAJE DEL GASTO EN EL TOTAL DE BIENES Y SERVICIOS;Tipo de hogar: Persona sola;2017;2,1
EN PORCENTAJE DEL GASTO EN EL TOTAL DE BIENES Y SERVICIOS;Tipo de hogar: Persona sola;2016;2,3
EN PORCENTAJE DEL GASTO EN EL TOTAL DE BIENES Y SERVICIOS;Tipo de hogar: Pareja sin hijos;2023;1,6
EN PORCENTAJE DEL GASTO EN EL TOTAL DE BIENES Y SERVICIOS;Tipo de hogar: Pareja sin hijos;2022;1,6
EN PORCENTAJE DEL GASTO EN EL TOTAL DE BIENES Y SERVICIOS;Tipo de hogar: Pareja sin hijos;2021;1,7
EN PORCENTAJE DEL GASTO EN EL TOTAL DE BIENES Y SERVICIOS;Tipo de hogar: Pareja sin hijos;2020;1,7
EN PORCENTAJE DEL GASTO EN EL TOTAL DE BIENES Y SERVICIOS;Tipo de hogar: Pareja sin hijos;2019;1,9
EN PORCENTAJE DEL GASTO EN EL TOTAL DE BIENES Y SERVICIOS;Tipo de hogar: Pareja sin hijos;2018;1,9
EN PORCENTAJE DEL GASTO EN EL TOTAL DE BIENES Y SERVICIOS;Tipo de hogar: Pareja sin hijos;2017;2,1
EN PORCENTAJE DEL GASTO EN EL TOTAL DE BIENES Y SERVICIOS;Tipo de hogar: Pareja sin hijos;2016;2,3
EN PORCENTAJE DEL GASTO EN EL TOTAL DE BIENES Y SERVICIOS;Tipo de hogar: Pareja con un hijo;2023;1,8
EN PORCENTAJE DEL GASTO EN EL TOTAL DE BIENES Y SERVICIOS;Tipo de hogar: Pareja con un hijo;2022;1,8
EN PORCENTAJE DEL GASTO EN EL TOTAL DE BIENES Y SERVICIOS;Tipo de hogar: Pareja con un hijo;2021;2,0
EN PORCENTAJE DEL GASTO EN EL TOTAL DE BIENES Y SERVICIOS;Tipo de hogar: Pareja con un hijo;2020;2,1
EN PORCENTAJE DEL GASTO EN EL TOTAL DE BIENES Y SERVICIOS;Tipo de hogar: Pareja con un hijo;2019;2,2
EN PORCENTAJE DEL GASTO EN EL TOTAL DE BIENES Y SERVICIOS;Tipo de hogar: Pareja con un hijo;2018;2,3
EN PORCENTAJE DEL GASTO EN EL TOTAL DE BIENES Y SERVICIOS;Tipo de hogar: Pareja con un hijo;2017;2,5
EN PORCENTAJE DEL GASTO EN EL TOTAL DE BIENES Y SERVICIOS;Tipo de hogar: Pareja con un hijo;2016;2,7
EN PORCENTAJE DEL GASTO EN EL TOTAL DE BIENES Y SERVICIOS;Tipo de hogar: Pareja con dos hijos;2023;2,0
EN PORCENTAJE DEL GASTO EN EL TOTAL DE BIENES Y SERVICIOS;Tipo de hogar: Pareja con dos hijos;2022;2,2
EN PORCENTAJE DEL GASTO EN EL TOTAL DE BIENES Y SERVICIOS;Tipo de hogar: Pareja con dos hijos;2021;2,3
EN PORCENTAJE DEL GASTO EN EL TOTAL DE BIENES Y SERVICIOS;Tipo de hogar: Pareja con dos hijos;2020;2,4
EN PORCENTAJE DEL GASTO EN EL TOTAL DE BIENES Y SERVICIOS;Tipo de hogar: Pareja con dos hijos;2019;2,5
EN PORCENTAJE DEL GASTO EN EL TOTAL DE BIENES Y SERVICIOS;Tipo de hogar: Pareja con dos hijos;2018;2,7
EN PORCENTAJE DEL GASTO EN EL TOTAL DE BIENES Y SERVICIOS;Tipo de hogar: Pareja con dos hijos;2017;2,9
EN PORCENTAJE DEL GASTO EN EL TOTAL DE BIENES Y SERVICIOS;Tipo de hogar: Pareja con dos hijos;2016;3,2
EN PORCENTAJE DEL GASTO EN EL TOTAL DE BIENES Y SERVICIOS;Tipo de hogar: Pareja con tres o más hijos;2023;2,4
EN PORCENTAJE DEL GASTO EN EL TOTAL DE BIENES Y SERVICIOS;Tipo de hogar: Pareja con tres o más hijos;2022;2,7
EN PORCENTAJE DEL GASTO EN EL TOTAL DE BIENES Y SERVICIOS;Tipo de hogar: Pareja con tres o más hijos;2021;2,7
EN PORCENTAJE DEL GASTO EN EL TOTAL DE BIENES Y SERVICIOS;Tipo de hogar: Pareja con tres o más hijos;2020;2,6
EN PORCENTAJE DEL GASTO EN EL TOTAL DE BIENES Y SERVICIOS;Tipo de hogar: Pareja con tres o más hijos;2019;2,8
EN PORCENTAJE DEL GASTO EN EL TOTAL DE BIENES Y SERVICIOS;Tipo de hogar: Pareja con tres o más hijos;2018;3,1
EN PORCENTAJE DEL GASTO EN EL TOTAL DE BIENES Y SERVICIOS;Tipo de hogar: Pareja con tres o más hijos;2017;3,3
EN PORCENTAJE DEL GASTO EN EL TOTAL DE BIENES Y SERVICIOS;Tipo de hogar: Pareja con tres o más hijos;2016;3,5
EN PORCENTAJE DEL GASTO EN EL TOTAL DE BIENES Y SERVICIOS;Tipo de hogar: Un adulto con hijos;2023;1,8
EN PORCENTAJE DEL GASTO EN EL TOTAL DE BIENES Y SERVICIOS;Tipo de hogar: Un adulto con hijos;2022;2,0
EN PORCENTAJE DEL GASTO EN EL TOTAL DE BIENES Y SERVICIOS;Tipo de hogar: Un adulto con hijos;2021;2,0
EN PORCENTAJE DEL GASTO EN EL TOTAL DE BIENES Y SERVICIOS;Tipo de hogar: Un adulto con hijos;2020;2,2
EN PORCENTAJE DEL GASTO EN EL TOTAL DE BIENES Y SERVICIOS;Tipo de hogar: Un adulto con hijos;2019;2,3
EN PORCENTAJE DEL GASTO EN EL TOTAL DE BIENES Y SERVICIOS;Tipo de hogar: Un adulto con hijos;2018;2,3
EN PORCENTAJE DEL GASTO EN EL TOTAL DE BIENES Y SERVICIOS;Tipo de hogar: Un adulto con hijos;2017;2,5
EN PORCENTAJE DEL GASTO EN EL TOTAL DE BIENES Y SERVICIOS;Tipo de hogar: Un adulto con hijos;2016;2,9
EN PORCENTAJE DEL GASTO EN EL TOTAL DE BIENES Y SERVICIOS;Tipo de hogar: Otro tipo de hogares;2023;1,8
EN PORCENTAJE DEL GASTO EN EL TOTAL DE BIENES Y SERVICIOS;Tipo de hogar: Otro tipo de hogares;2022;1,9
EN PORCENTAJE DEL GASTO EN EL TOTAL DE BIENES Y SERVICIOS;Tipo de hogar: Otro tipo de hogares;2021;2,0
EN PORCENTAJE DEL GASTO EN EL TOTAL DE BIENES Y SERVICIOS;Tipo de hogar: Otro tipo de hogares;2020;2,3
EN PORCENTAJE DEL GASTO EN EL TOTAL DE BIENES Y SERVICIOS;Tipo de hogar: Otro tipo de hogares;2019;2,3
EN PORCENTAJE DEL GASTO EN EL TOTAL DE BIENES Y SERVICIOS;Tipo de hogar: Otro tipo de hogares;2018;2,5
EN PORCENTAJE DEL GASTO EN EL TOTAL DE BIENES Y SERVICIOS;Tipo de hogar: Otro tipo de hogares;2017;2,8
EN PORCENTAJE DEL GASTO EN EL TOTAL DE BIENES Y SERVICIOS;Tipo de hogar: Otro tipo de hogares;2016;2,9
GASTO MEDIO POR HOGAR (Euros);Hombres;2023;616,7
GASTO MEDIO POR HOGAR (Euros);Hombres;2022;636,3
GASTO MEDIO POR HOGAR (Euros);Hombres;2021;603,1
GASTO MEDIO POR HOGAR (Euros);Hombres;2020;588,0
GASTO MEDIO POR HOGAR (Euros);Hombres;2019;696,3
GASTO MEDIO POR HOGAR (Euros);Hombres;2018;737,8
GASTO MEDIO POR HOGAR (Euros);Hombres;2017;776,3
GASTO MEDIO POR HOGAR (Euros);Hombres;2016;823,3
GASTO MEDIO POR HOGAR (Euros);Mujeres;2023;529,5
GASTO MEDIO POR HOGAR (Euros);Mujeres;2022;526,4
GASTO MEDIO POR HOGAR (Euros);Mujeres;2021;511,9
GASTO MEDIO POR HOGAR (Euros);Mujeres;2020;496,5
GASTO MEDIO POR HOGAR (Euros);Mujeres;2019;603,4
GASTO MEDIO POR HOGAR (Euros);Mujeres;2018;574,4
GASTO MEDIO POR HOGAR (Euros);Mujeres;2017;603,7
GASTO MEDIO POR HOGAR (Euros);Mujeres;2016;650,1
GASTO MEDIO POR HOGAR (Euros);Grupo de edad: de 16 a 29 años;2023;712,9
GASTO MEDIO POR HOGAR (Euros);Grupo de edad: de 16 a 29 años;2022;649,1
GASTO MEDIO POR HOGAR (Euros);Grupo de edad: de 16 a 29 años;2021;638,5
GASTO MEDIO POR HOGAR (Euros);Grupo de edad: de 16 a 29 años;2020;683,0
GASTO MEDIO POR HOGAR (Euros);Grupo de edad: de 16 a 29 años;2019;811,6
GASTO MEDIO POR HOGAR (Euros);Grupo de edad: de 16 a 29 años;2018;795,7
GASTO MEDIO POR HOGAR (Euros);Grupo de edad: de 16 a 29 años;2017;802,1
GASTO MEDIO POR HOGAR (Euros);Grupo de edad: de 16 a 29 años;2016;940,8
GASTO MEDIO POR HOGAR (Euros);Grupo de edad: de 30 a 44 años;2023;758,9
GASTO MEDIO POR HOGAR (Euros);Grupo de edad: de 30 a 44 años;2022;747,3
GASTO MEDIO POR HOGAR (Euros);Grupo de edad: de 30 a 44 años;2021;678,7
GASTO MEDIO POR HOGAR (Euros);Grupo de edad: de 30 a 44 años;2020;670,0
GASTO MEDIO POR HOGAR (Euros);Grupo de edad: de 30 a 44 años;2019;839,9
GASTO MEDIO POR HOGAR (Euros);Grupo de edad: de 30 a 44 años;2018;842,8
GASTO MEDIO POR HOGAR (Euros);Grupo de edad: de 30 a 44 años;2017;856,9
GASTO MEDIO POR HOGAR (Euros);Grupo de edad: de 30 a 44 años;2016;902,5
GASTO MEDIO POR HOGAR (Euros);Grupo de edad: de 45 a 64 años;2023;653,8
GASTO MEDIO POR HOGAR (Euros);Grupo de edad: de 45 a 64 años;2022;685,7
GASTO MEDIO POR HOGAR (Euros);Grupo de edad: de 45 a 64 años;2021;667,3
GASTO MEDIO POR HOGAR (Euros);Grupo de edad: de 45 a 64 años;2020;647,5
GASTO MEDIO POR HOGAR (Euros);Grupo de edad: de 45 a 64 años;2019;759,6
GASTO MEDIO POR HOGAR (Euros);Grupo de edad: de 45 a 64 años;2018;802,2
GASTO MEDIO POR HOGAR (Euros);Grupo de edad: de 45 a 64 años;2017;858,3
GASTO MEDIO POR HOGAR (Euros);Grupo de edad: de 45 a 64 años;2016;901,9
GASTO MEDIO POR HOGAR (Euros);Grupo de edad: de 65 años en adelante;2023;334,9
GASTO MEDIO POR HOGAR (Euros);Grupo de edad: de 65 años en adelante;2022;335,5
GASTO MEDIO POR HOGAR (Euros);Grupo de edad: de 65 años en adelante;2021;328,3
GASTO MEDIO POR HOGAR (Euros);Grupo de edad: de 65 años en adelante;2020;311,9
GASTO MEDIO POR HOGAR (Euros);Grupo de edad: de 65 años en adelante;2019;359,2
GASTO MEDIO POR HOGAR (Euros);Grupo de edad: de 65 años en adelante;2018;368,0
GASTO MEDIO POR HOGAR (Euros);Grupo de edad: de 65 años en adelante;2017;400,7
GASTO MEDIO POR HOGAR (Euros);Grupo de edad: de 65 años en adelante;2016;430,6
GASTO MEDIO POR HOGAR (Euros);Nivel de estudios:  Primera etapa de ed. secundaria e inferior;2023;387,7
GASTO MEDIO POR HOGAR (Euros);Nivel de estudios:  Primera etapa de ed. secundaria e inferior;2022;383,9
GASTO MEDIO POR HOGAR (Euros);Nivel de estudios:  Primera etapa de ed. secundaria e inferior;2021;372,8
GASTO MEDIO POR HOGAR (Euros);Nivel de estudios:  Primera etapa de ed. secundaria e inferior;2020;363,6
GASTO MEDIO POR HOGAR (Euros);Nivel de estudios:  Primera etapa de ed. secundaria e inferior;2019;441,8
GASTO MEDIO POR HOGAR (Euros);Nivel de estudios:  Primera etapa de ed. secundaria e inferior;2018;469,0
GASTO MEDIO POR HOGAR (Euros);Nivel de estudios:  Primera etapa de ed. secundaria e inferior;2017;501,1
GASTO MEDIO POR HOGAR (Euros);Nivel de estudios:  Primera etapa de ed. secundaria e inferior;2016;529,7
GASTO MEDIO POR HOGAR (Euros);Nivel de estudios:  Segunda etapa de educación secundaria;2023;559,3
GASTO MEDIO POR HOGAR (Euros);Nivel de estudios:  Segunda etapa de educación secundaria;2022;563,3
GASTO MEDIO POR HOGAR (Euros);Nivel de estudios:  Segunda etapa de educación secundaria;2021;561,0
GASTO MEDIO POR HOGAR (Euros);Nivel de estudios:  Segunda etapa de educación secundaria;2020;558,3
GASTO MEDIO POR HOGAR (Euros);Nivel de estudios:  Segunda etapa de educación secundaria;2019;688,8
GASTO MEDIO POR HOGAR (Euros);Nivel de estudios:  Segunda etapa de educación secundaria;2018;709,3
GASTO MEDIO POR HOGAR (Euros);Nivel de estudios:  Segunda etapa de educación secundaria;2017;746,6
GASTO MEDIO POR HOGAR (Euros);Nivel de estudios:  Segunda etapa de educación secundaria;2016;839,5
GASTO MEDIO POR HOGAR (Euros);Nivel de estudios: Educación superior o equivalente;2023;798,4
GASTO MEDIO POR HOGAR (Euros);Nivel de estudios: Educación superior o equivalente;2022;834,5
GASTO MEDIO POR HOGAR (Euros);Nivel de estudios: Educación superior o equivalente;2021;789,4
GASTO MEDIO POR HOGAR (Euros);Nivel de estudios: Educación superior o equivalente;2020;782,1
GASTO MEDIO POR HOGAR (Euros);Nivel de estudios: Educación superior o equivalente;2019;938,7
GASTO MEDIO POR HOGAR (Euros);Nivel de estudios: Educación superior o equivalente;2018;964,0
GASTO MEDIO POR HOGAR (Euros);Nivel de estudios: Educación superior o equivalente;2017;1.027,2
GASTO MEDIO POR HOGAR (Euros);Nivel de estudios: Educación superior o equivalente;2016;1.082,2
GASTO MEDIO POR HOGAR (Euros);Situación laboral: Ocupado;2023;730,9
GASTO MEDIO POR HOGAR (Euros);Situación laboral: Ocupado;2022;740,6
GASTO MEDIO POR HOGAR (Euros);Situación laboral: Ocupado;2021;712,5
GASTO MEDIO POR HOGAR (Euros);Situación laboral: Ocupado;2020;704,2
GASTO MEDIO POR HOGAR (Euros);Situación laboral: Ocupado;2019;853,8
GASTO MEDIO POR HOGAR (Euros);Situación laboral: Ocupado;2018;878,0
GASTO MEDIO POR HOGAR (Euros);Situación laboral: Ocupado;2017;921,9
GASTO MEDIO POR HOGAR (Euros);Situación laboral: Ocupado;2016;980,2
GASTO MEDIO POR HOGAR (Euros);Situación laboral: Parado;2023;380,7
GASTO MEDIO POR HOGAR (Euros);Situación laboral: Parado;2022;355,5
GASTO MEDIO POR HOGAR (Euros);Situación laboral: Parado;2021;360,4
GASTO MEDIO POR HOGAR (Euros);Situación laboral: Parado;2020;379,1
GASTO MEDIO POR HOGAR (Euros);Situación laboral: Parado;2019;416,6
GASTO MEDIO POR HOGAR (Euros);Situación laboral: Parado;2018;444,7
GASTO MEDIO POR HOGAR (Euros);Situación laboral: Parado;2017;436,8
GASTO MEDIO POR HOGAR (Euros);Situación laboral: Parado;2016;477,2
GASTO MEDIO POR HOGAR (Euros);Situación laboral: Jubilado o retirado;2023;361,5
GASTO MEDIO POR HOGAR (Euros);Situación laboral: Jubilado o retirado;2022;386,0
GASTO MEDIO POR HOGAR (Euros);Situación laboral: Jubilado o retirado;2021;373,7
GASTO MEDIO POR HOGAR (Euros);Situación laboral: Jubilado o retirado;2020;351,8
GASTO MEDIO POR HOGAR (Euros);Situación laboral: Jubilado o retirado;2019;407,1
GASTO MEDIO POR HOGAR (Euros);Situación laboral: Jubilado o retirado;2018;432,2
GASTO MEDIO POR HOGAR (Euros);Situación laboral: Jubilado o retirado;2017;467,5
GASTO MEDIO POR HOGAR (Euros);Situación laboral: Jubilado o retirado;2016;503,4
GASTO MEDIO POR HOGAR (Euros);Situación laboral: Otros inactivos;2023;260,0
GASTO MEDIO POR HOGAR (Euros);Situación laboral: Otros inactivos;2022;278,1
GASTO MEDIO POR HOGAR (Euros);Situación laboral: Otros inactivos;2021;215,1
GASTO MEDIO POR HOGAR (Euros);Situación laboral: Otros inactivos;2020;244,6
GASTO MEDIO POR HOGAR (Euros);Situación laboral: Otros inactivos;2019;282,8
GASTO MEDIO POR HOGAR (Euros);Situación laboral: Otros inactivos;2018;292,3
GASTO MEDIO POR HOGAR (Euros);Situación laboral: Otros inactivos;2017;310,1
GASTO MEDIO POR HOGAR (Euros);Situación laboral: Otros inactivos;2016;366,6
GASTO MEDIO POR HOGAR (Euros);Estado civil: Soltero;2023;595,5
GASTO MEDIO POR HOGAR (Euros);Estado civil: Soltero;2022;587,2
GASTO MEDIO POR HOGAR (Euros);Estado civil: Soltero;2021;532,0
GASTO MEDIO POR HOGAR (Euros);Estado civil: Soltero;2020;538,3
GASTO MEDIO POR HOGAR (Euros);Estado civil: Soltero;2019;686,2
GASTO MEDIO POR HOGAR (Euros);Estado civil: Soltero;2018;663,7
GASTO MEDIO POR HOGAR (Euros);Estado civil: Soltero;2017;678,6
GASTO MEDIO POR HOGAR (Euros);Estado civil: Soltero;2016;707,4
GASTO MEDIO POR HOGAR (Euros);Estado civil: Casado;2023;671,4
GASTO MEDIO POR HOGAR (Euros);Estado civil: Casado;2022;688,1
GASTO MEDIO POR HOGAR (Euros);Estado civil: Casado;2021;674,3
GASTO MEDIO POR HOGAR (Euros);Estado civil: Casado;2020;642,8
GASTO MEDIO POR HOGAR (Euros);Estado civil: Casado;2019;753,3
GASTO MEDIO POR HOGAR (Euros);Estado civil: Casado;2018;799,4
GASTO MEDIO POR HOGAR (Euros);Estado civil: Casado;2017;847,7
GASTO MEDIO POR HOGAR (Euros);Estado civil: Casado;2016;912,1
GASTO MEDIO POR HOGAR (Euros);Estado civil: Viudo;2023;269,7
GASTO MEDIO POR HOGAR (Euros);Estado civil: Viudo;2022;261,9
GASTO MEDIO POR HOGAR (Euros);Estado civil: Viudo;2021;256,9
GASTO MEDIO POR HOGAR (Euros);Estado civil: Viudo;2020;280,0
GASTO MEDIO POR HOGAR (Euros);Estado civil: Viudo;2019;334,9
GASTO MEDIO POR HOGAR (Euros);Estado civil: Viudo;2018;295,6
GASTO MEDIO POR HOGAR (Euros);Estado civil: Viudo;2017;330,3
GASTO MEDIO POR HOGAR (Euros);Estado civil: Viudo;2016;330,8
GASTO MEDIO POR HOGAR (Euros);Estado civil: Separado;2023;472,8
GASTO MEDIO POR HOGAR (Euros);Estado civil: Separado;2022;445,6
GASTO MEDIO POR HOGAR (Euros);Estado civil: Separado;2021;484,7
GASTO MEDIO POR HOGAR (Euros);Estado civil: Separado;2020;417,9
GASTO MEDIO POR HOGAR (Euros);Estado civil: Separado;2019;482,7
GASTO MEDIO POR HOGAR (Euros);Estado civil: Separado;2018;523,6
GASTO MEDIO POR HOGAR (Euros);Estado civil: Separado;2017;594,0
GASTO MEDIO POR HOGAR (Euros);Estado civil: Separado;2016;618,7
GASTO MEDIO POR HOGAR (Euros);Estado civil: Divorciado;2023;490,5
GASTO MEDIO POR HOGAR (Euros);Estado civil: Divorciado;2022;549,6
GASTO MEDIO POR HOGAR (Euros);Estado civil: Divorciado;2021;477,8
GASTO MEDIO POR HOGAR (Euros);Estado civil: Divorciado;2020;501,4
GASTO MEDIO POR HOGAR (Euros);Estado civil: Divorciado;2019;595,9
GASTO MEDIO POR HOGAR (Euros);Estado civil: Divorciado;2018;633,5
GASTO MEDIO POR HOGAR (Euros);Estado civil: Divorciado;2017;644,0
GASTO MEDIO POR HOGAR (Euros);Estado civil: Divorciado;2016;689,6
GASTO MEDIO POR HOGAR (Euros);Tipo de hogar: Persona sola;2023;362,7
GASTO MEDIO POR HOGAR (Euros);Tipo de hogar: Persona sola;2022;351,5
GASTO MEDIO POR HOGAR (Euros);Tipo de hogar: Persona sola;2021;325,9
GASTO MEDIO POR HOGAR (Euros);Tipo de hogar: Persona sola;2020;325,6
GASTO MEDIO POR HOGAR (Euros);Tipo de hogar: Persona sola;2019;397,2
GASTO MEDIO POR HOGAR (Euros);Tipo de hogar: Persona sola;2018;384,1
GASTO MEDIO POR HOGAR (Euros);Tipo de hogar: Persona sola;2017;399,0
GASTO MEDIO POR HOGAR (Euros);Tipo de hogar: Persona sola;2016;405,6
GASTO MEDIO POR HOGAR (Euros);Tipo de hogar: Pareja sin hijos;2023;528,8
GASTO MEDIO POR HOGAR (Euros);Tipo de hogar: Pareja sin hijos;2022;529,7
GASTO MEDIO POR HOGAR (Euros);Tipo de hogar: Pareja sin hijos;2021;488,3
GASTO MEDIO POR HOGAR (Euros);Tipo de hogar: Pareja sin hijos;2020;467,8
GASTO MEDIO POR HOGAR (Euros);Tipo de hogar: Pareja sin hijos;2019;582,5
GASTO MEDIO POR HOGAR (Euros);Tipo de hogar: Pareja sin hijos;2018;574,9
GASTO MEDIO POR HOGAR (Euros);Tipo de hogar: Pareja sin hijos;2017;615,8
GASTO MEDIO POR HOGAR (Euros);Tipo de hogar: Pareja sin hijos;2016;665,0
GASTO MEDIO POR HOGAR (Euros);Tipo de hogar: Pareja con un hijo;2023;676,5
GASTO MEDIO POR HOGAR (Euros);Tipo de hogar: Pareja con un hijo;2022;658,9
GASTO MEDIO POR HOGAR (Euros);Tipo de hogar: Pareja con un hijo;2021;660,2
GASTO MEDIO POR HOGAR (Euros);Tipo de hogar: Pareja con un hijo;2020;635,7
GASTO MEDIO POR HOGAR (Euros);Tipo de hogar: Pareja con un hijo;2019;788,0
GASTO MEDIO POR HOGAR (Euros);Tipo de hogar: Pareja con un hijo;2018;797,9
GASTO MEDIO POR HOGAR (Euros);Tipo de hogar: Pareja con un hijo;2017;840,1
GASTO MEDIO POR HOGAR (Euros);Tipo de hogar: Pareja con un hijo;2016;902,6
GASTO MEDIO POR HOGAR (Euros);Tipo de hogar: Pareja con dos hijos;2023;898,3
GASTO MEDIO POR HOGAR (Euros);Tipo de hogar: Pareja con dos hijos;2022;924,1
GASTO MEDIO POR HOGAR (Euros);Tipo de hogar: Pareja con dos hijos;2021;900,4
GASTO MEDIO POR HOGAR (Euros);Tipo de hogar: Pareja con dos hijos;2020;862,1
GASTO MEDIO POR HOGAR (Euros);Tipo de hogar: Pareja con dos hijos;2019;999,8
GASTO MEDIO POR HOGAR (Euros);Tipo de hogar: Pareja con dos hijos;2018;1.067,4
GASTO MEDIO POR HOGAR (Euros);Tipo de hogar: Pareja con dos hijos;2017;1.118,4
GASTO MEDIO POR HOGAR (Euros);Tipo de hogar: Pareja con dos hijos;2016;1.205,0
GASTO MEDIO POR HOGAR (Euros);Tipo de hogar: Pareja con tres o más hijos;2023;1.046,8
GASTO MEDIO POR HOGAR (Euros);Tipo de hogar: Pareja con tres o más hijos;2022;1.207,5
GASTO MEDIO POR HOGAR (Euros);Tipo de hogar: Pareja con tres o más hijos;2021;1.074,8
GASTO MEDIO POR HOGAR (Euros);Tipo de hogar: Pareja con tres o más hijos;2020;1.002,3
GASTO MEDIO POR HOGAR (Euros);Tipo de hogar: Pareja con tres o más hijos;2019;1.190,0
GASTO MEDIO POR HOGAR (Euros);Tipo de hogar: Pareja con tres o más hijos;2018;1.255,2
GASTO MEDIO POR HOGAR (Euros);Tipo de hogar: Pareja con tres o más hijos;2017;1.273,0
GASTO MEDIO POR HOGAR (Euros);Tipo de hogar: Pareja con tres o más hijos;2016;1.333,3
GASTO MEDIO POR HOGAR (Euros);Tipo de hogar: Un adulto con hijos;2023;534,7
GASTO MEDIO POR HOGAR (Euros);Tipo de hogar: Un adulto con hijos;2022;567,4
GASTO MEDIO POR HOGAR (Euros);Tipo de hogar: Un adulto con hijos;2021;518,4
GASTO MEDIO POR HOGAR (Euros);Tipo de hogar: Un adulto con hijos;2020;528,3
GASTO MEDIO POR HOGAR (Euros);Tipo de hogar: Un adulto con hijos;2019;600,7
GASTO MEDIO POR HOGAR (Euros);Tipo de hogar: Un adulto con hijos;2018;594,3
GASTO MEDIO POR HOGAR (Euros);Tipo de hogar: Un adulto con hijos;2017;625,3
GASTO MEDIO POR HOGAR (Euros);Tipo de hogar: Un adulto con hijos;2016;706,6
GASTO MEDIO POR HOGAR (Euros);Tipo de hogar: Otro tipo de hogares;2023;645,3
GASTO MEDIO POR HOGAR (Euros);Tipo de hogar: Otro tipo de hogares;2022;666,5
GASTO MEDIO POR HOGAR (Euros);Tipo de hogar: Otro tipo de hogares;2021;679,8
GASTO MEDIO POR HOGAR (Euros);Tipo de hogar: Otro tipo de hogares;2020;691,8
GASTO MEDIO POR HOGAR (Euros);Tipo de hogar: Otro tipo de hogares;2019;749,5
GASTO MEDIO POR HOGAR (Euros);Tipo de hogar: Otro tipo de hogares;2018;841,9
GASTO MEDIO POR HOGAR (Euros);Tipo de hogar: Otro tipo de hogares;2017;882,2
GASTO MEDIO POR HOGAR (Euros);Tipo de hogar: Otro tipo de hogares;2016;879,0
GASTO MEDIO POR UNIDAD DE CONSUMO (Euros);Hombres;2023;346,4
GASTO MEDIO POR UNIDAD DE CONSUMO (Euros);Hombres;2022;361,5
GASTO MEDIO POR UNIDAD DE CONSUMO (Euros);Hombres;2021;341,7
GASTO MEDIO POR UNIDAD DE CONSUMO (Euros);Hombres;2020;332,3
GASTO MEDIO POR UNIDAD DE CONSUMO (Euros);Hombres;2019;393,7
GASTO MEDIO POR UNIDAD DE CONSUMO (Euros);Hombres;2018;417,2
GASTO MEDIO POR UNIDAD DE CONSUMO (Euros);Hombres;2017;439,0
GASTO MEDIO POR UNIDAD DE CONSUMO (Euros);Hombres;2016;465,3
GASTO MEDIO POR UNIDAD DE CONSUMO (Euros);Mujeres;2023;349,9
GASTO MEDIO POR UNIDAD DE CONSUMO (Euros);Mujeres;2022;345,4
GASTO MEDIO POR UNIDAD DE CONSUMO (Euros);Mujeres;2021;336,3
GASTO MEDIO POR UNIDAD DE CONSUMO (Euros);Mujeres;2020;328,0
GASTO MEDIO POR UNIDAD DE CONSUMO (Euros);Mujeres;2019;399,7
GASTO MEDIO POR UNIDAD DE CONSUMO (Euros);Mujeres;2018;383,5
GASTO MEDIO POR UNIDAD DE CONSUMO (Euros);Mujeres;2017;403,1
GASTO MEDIO POR UNIDAD DE CONSUMO (Euros);Mujeres;2016;433,0
GASTO MEDIO POR UNIDAD DE CONSUMO (Euros);Grupo de edad: de 16 a 29 años;2023;489,2
GASTO MEDIO POR UNIDAD DE CONSUMO (Euros);Grupo de edad: de 16 a 29 años;2022;443,8
GASTO MEDIO POR UNIDAD DE CONSUMO (Euros);Grupo de edad: de 16 a 29 años;2021;428,4
GASTO MEDIO POR UNIDAD DE CONSUMO (Euros);Grupo de edad: de 16 a 29 años;2020;460,3
GASTO MEDIO POR UNIDAD DE CONSUMO (Euros);Grupo de edad: de 16 a 29 años;2019;557,0
GASTO MEDIO POR UNIDAD DE CONSUMO (Euros);Grupo de edad: de 16 a 29 años;2018;539,6
GASTO MEDIO POR UNIDAD DE CONSUMO (Euros);Grupo de edad: de 16 a 29 años;2017;526,5
GASTO MEDIO POR UNIDAD DE CONSUMO (Euros);Grupo de edad: de 16 a 29 años;2016;626,8
GASTO MEDIO POR UNIDAD DE CONSUMO (Euros);Grupo de edad: de 30 a 44 años;2023;445,3
GASTO MEDIO POR UNIDAD DE CONSUMO (Euros);Grupo de edad: de 30 a 44 años;2022;444,4
GASTO MEDIO POR UNIDAD DE CONSUMO (Euros);Grupo de edad: de 30 a 44 años;2021;399,5
GASTO MEDIO POR UNIDAD DE CONSUMO (Euros);Grupo de edad: de 30 a 44 años;2020;391,8
GASTO MEDIO POR UNIDAD DE CONSUMO (Euros);Grupo de edad: de 30 a 44 años;2019;486,3
GASTO MEDIO POR UNIDAD DE CONSUMO (Euros);Grupo de edad: de 30 a 44 años;2018;488,5
GASTO MEDIO POR UNIDAD DE CONSUMO (Euros);Grupo de edad: de 30 a 44 años;2017;498,4
GASTO MEDIO POR UNIDAD DE CONSUMO (Euros);Grupo de edad: de 30 a 44 años;2016;529,7
GASTO MEDIO POR UNIDAD DE CONSUMO (Euros);Grupo de edad: de 45 a 64 años;2023;349,5
GASTO MEDIO POR UNIDAD DE CONSUMO (Euros);Grupo de edad: de 45 a 64 años;2022;369,0
GASTO MEDIO POR UNIDAD DE CONSUMO (Euros);Grupo de edad: de 45 a 64 años;2021;361,3
GASTO MEDIO POR UNIDAD DE CONSUMO (Euros);Grupo de edad: de 45 a 64 años;2020;348,9
GASTO MEDIO POR UNIDAD DE CONSUMO (Euros);Grupo de edad: de 45 a 64 años;2019;411,0
GASTO MEDIO POR UNIDAD DE CONSUMO (Euros);Grupo de edad: de 45 a 64 años;2018;433,9
GASTO MEDIO POR UNIDAD DE CONSUMO (Euros);Grupo de edad: de 45 a 64 años;2017;464,0
GASTO MEDIO POR UNIDAD DE CONSUMO (Euros);Grupo de edad: de 45 a 64 años;2016;485,8
GASTO MEDIO POR UNIDAD DE CONSUMO (Euros);Grupo de edad: de 65 años en adelante;2023;235,0
GASTO MEDIO POR UNIDAD DE CONSUMO (Euros);Grupo de edad: de 65 años en adelante;2022;236,1
GASTO MEDIO POR UNIDAD DE CONSUMO (Euros);Grupo de edad: de 65 años en adelante;2021;228,9
GASTO MEDIO POR UNIDAD DE CONSUMO (Euros);Grupo de edad: de 65 años en adelante;2020;219,0
GASTO MEDIO POR UNIDAD DE CONSUMO (Euros);Grupo de edad: de 65 años en adelante;2019;251,5
GASTO MEDIO POR UNIDAD DE CONSUMO (Euros);Grupo de edad: de 65 años en adelante;2018;257,7
GASTO MEDIO POR UNIDAD DE CONSUMO (Euros);Grupo de edad: de 65 años en adelante;2017;280,0
GASTO MEDIO POR UNIDAD DE CONSUMO (Euros);Grupo de edad: de 65 años en adelante;2016;298,6
GASTO MEDIO POR UNIDAD DE CONSUMO (Euros);Nivel de estudios:  Primera etapa de ed. secundaria e inferior;2023;232,5
GASTO MEDIO POR UNIDAD DE CONSUMO (Euros);Nivel de estudios:  Primera etapa de ed. secundaria e inferior;2022;231,6
GASTO MEDIO POR UNIDAD DE CONSUMO (Euros);Nivel de estudios:  Primera etapa de ed. secundaria e inferior;2021;225,3
GASTO MEDIO POR UNIDAD DE CONSUMO (Euros);Nivel de estudios:  Primera etapa de ed. secundaria e inferior;2020;219,6
GASTO MEDIO POR UNIDAD DE CONSUMO (Euros);Nivel de estudios:  Primera etapa de ed. secundaria e inferior;2019;265,8
GASTO MEDIO POR UNIDAD DE CONSUMO (Euros);Nivel de estudios:  Primera etapa de ed. secundaria e inferior;2018;284,1
GASTO MEDIO POR UNIDAD DE CONSUMO (Euros);Nivel de estudios:  Primera etapa de ed. secundaria e inferior;2017;301,4
GASTO MEDIO POR UNIDAD DE CONSUMO (Euros);Nivel de estudios:  Primera etapa de ed. secundaria e inferior;2016;317,7
GASTO MEDIO POR UNIDAD DE CONSUMO (Euros);Nivel de estudios:  Segunda etapa de educación secundaria;2023;326,8
GASTO MEDIO POR UNIDAD DE CONSUMO (Euros);Nivel de estudios:  Segunda etapa de educación secundaria;2022;337,1
GASTO MEDIO POR UNIDAD DE CONSUMO (Euros);Nivel de estudios:  Segunda etapa de educación secundaria;2021;331,7
GASTO MEDIO POR UNIDAD DE CONSUMO (Euros);Nivel de estudios:  Segunda etapa de educación secundaria;2020;324,7
GASTO MEDIO POR UNIDAD DE CONSUMO (Euros);Nivel de estudios:  Segunda etapa de educación secundaria;2019;402,3
GASTO MEDIO POR UNIDAD DE CONSUMO (Euros);Nivel de estudios:  Segunda etapa de educación secundaria;2018;411,8
GASTO MEDIO POR UNIDAD DE CONSUMO (Euros);Nivel de estudios:  Segunda etapa de educación secundaria;2017;439,3
GASTO MEDIO POR UNIDAD DE CONSUMO (Euros);Nivel de estudios:  Segunda etapa de educación secundaria;2016;492,6
GASTO MEDIO POR UNIDAD DE CONSUMO (Euros);Nivel de estudios: Educación superior o equivalente;2023;472,5
GASTO MEDIO POR UNIDAD DE CONSUMO (Euros);Nivel de estudios: Educación superior o equivalente;2022;492,5
GASTO MEDIO POR UNIDAD DE CONSUMO (Euros);Nivel de estudios: Educación superior o equivalente;2021;464,2
GASTO MEDIO POR UNIDAD DE CONSUMO (Euros);Nivel de estudios: Educación superior o equivalente;2020;462,5
GASTO MEDIO POR UNIDAD DE CONSUMO (Euros);Nivel de estudios: Educación superior o equivalente;2019;557,2
GASTO MEDIO POR UNIDAD DE CONSUMO (Euros);Nivel de estudios: Educación superior o equivalente;2018;571,2
GASTO MEDIO POR UNIDAD DE CONSUMO (Euros);Nivel de estudios: Educación superior o equivalente;2017;608,7
GASTO MEDIO POR UNIDAD DE CONSUMO (Euros);Nivel de estudios: Educación superior o equivalente;2016;643,9
GASTO MEDIO POR UNIDAD DE CONSUMO (Euros);Situación laboral: Ocupado;2023;401,4
GASTO MEDIO POR UNIDAD DE CONSUMO (Euros);Situación laboral: Ocupado;2022;410,3
GASTO MEDIO POR UNIDAD DE CONSUMO (Euros);Situación laboral: Ocupado;2021;394,4
GASTO MEDIO POR UNIDAD DE CONSUMO (Euros);Situación laboral: Ocupado;2020;387,1
GASTO MEDIO POR UNIDAD DE CONSUMO (Euros);Situación laboral: Ocupado;2019;469,7
GASTO MEDIO POR UNIDAD DE CONSUMO (Euros);Situación laboral: Ocupado;2018;483,0
GASTO MEDIO POR UNIDAD DE CONSUMO (Euros);Situación laboral: Ocupado;2017;508,3
GASTO MEDIO POR UNIDAD DE CONSUMO (Euros);Situación laboral: Ocupado;2016;543,9
GASTO MEDIO POR UNIDAD DE CONSUMO (Euros);Situación laboral: Parado;2023;238,9
GASTO MEDIO POR UNIDAD DE CONSUMO (Euros);Situación laboral: Parado;2022;232,3
GASTO MEDIO POR UNIDAD DE CONSUMO (Euros);Situación laboral: Parado;2021;228,7
GASTO MEDIO POR UNIDAD DE CONSUMO (Euros);Situación laboral: Parado;2020;238,4
GASTO MEDIO POR UNIDAD DE CONSUMO (Euros);Situación laboral: Parado;2019;263,3
GASTO MEDIO POR UNIDAD DE CONSUMO (Euros);Situación laboral: Parado;2018;279,2
GASTO MEDIO POR UNIDAD DE CONSUMO (Euros);Situación laboral: Parado;2017;268,8
GASTO MEDIO POR UNIDAD DE CONSUMO (Euros);Situación laboral: Parado;2016;287,0
GASTO MEDIO POR UNIDAD DE CONSUMO (Euros);Situación laboral: Jubilado o retirado;2023;245,2
GASTO MEDIO POR UNIDAD DE CONSUMO (Euros);Situación laboral: Jubilado o retirado;2022;260,2
GASTO MEDIO POR UNIDAD DE CONSUMO (Euros);Situación laboral: Jubilado o retirado;2021;250,3
GASTO MEDIO POR UNIDAD DE CONSUMO (Euros);Situación laboral: Jubilado o retirado;2020;236,6
GASTO MEDIO POR UNIDAD DE CONSUMO (Euros);Situación laboral: Jubilado o retirado;2019;272,4
GASTO MEDIO POR UNIDAD DE CONSUMO (Euros);Situación laboral: Jubilado o retirado;2018;288,0
GASTO MEDIO POR UNIDAD DE CONSUMO (Euros);Situación laboral: Jubilado o retirado;2017;310,0
GASTO MEDIO POR UNIDAD DE CONSUMO (Euros);Situación laboral: Jubilado o retirado;2016;330,4
GASTO MEDIO POR UNIDAD DE CONSUMO (Euros);Situación laboral: Otros inactivos;2023;200,3
GASTO MEDIO POR UNIDAD DE CONSUMO (Euros);Situación laboral: Otros inactivos;2022;209,3
GASTO MEDIO POR UNIDAD DE CONSUMO (Euros);Situación laboral: Otros inactivos;2021;162,4
GASTO MEDIO POR UNIDAD DE CONSUMO (Euros);Situación laboral: Otros inactivos;2020;184,1
GASTO MEDIO POR UNIDAD DE CONSUMO (Euros);Situación laboral: Otros inactivos;2019;213,3
GASTO MEDIO POR UNIDAD DE CONSUMO (Euros);Situación laboral: Otros inactivos;2018;223,0
GASTO MEDIO POR UNIDAD DE CONSUMO (Euros);Situación laboral: Otros inactivos;2017;239,0
GASTO MEDIO POR UNIDAD DE CONSUMO (Euros);Situación laboral: Otros inactivos;2016;279,5
GASTO MEDIO POR UNIDAD DE CONSUMO (Euros);Estado civil: Soltero;2023;425,5
GASTO MEDIO POR UNIDAD DE CONSUMO (Euros);Estado civil: Soltero;2022;424,2
GASTO MEDIO POR UNIDAD DE CONSUMO (Euros);Estado civil: Soltero;2021;386,9
GASTO MEDIO POR UNIDAD DE CONSUMO (Euros);Estado civil: Soltero;2020;391,5
GASTO MEDIO POR UNIDAD DE CONSUMO (Euros);Estado civil: Soltero;2019;494,2
GASTO MEDIO POR UNIDAD DE CONSUMO (Euros);Estado civil: Soltero;2018;482,1
GASTO MEDIO POR UNIDAD DE CONSUMO (Euros);Estado civil: Soltero;2017;493,2
GASTO MEDIO POR UNIDAD DE CONSUMO (Euros);Estado civil: Soltero;2016;518,3
GASTO MEDIO POR UNIDAD DE CONSUMO (Euros);Estado civil: Casado;2023;335,4
GASTO MEDIO POR UNIDAD DE CONSUMO (Euros);Estado civil: Casado;2022;348,3
GASTO MEDIO POR UNIDAD DE CONSUMO (Euros);Estado civil: Casado;2021;340,8
GASTO MEDIO POR UNIDAD DE CONSUMO (Euros);Estado civil: Casado;2020;324,5
GASTO MEDIO POR UNIDAD DE CONSUMO (Euros);Estado civil: Casado;2019;382,3
GASTO MEDIO POR UNIDAD DE CONSUMO (Euros);Estado civil: Casado;2018;406,5
GASTO MEDIO POR UNIDAD DE CONSUMO (Euros);Estado civil: Casado;2017;430,5
GASTO MEDIO POR UNIDAD DE CONSUMO (Euros);Estado civil: Casado;2016;462,8
GASTO MEDIO POR UNIDAD DE CONSUMO (Euros);Estado civil: Viudo;2023;221,2
GASTO MEDIO POR UNIDAD DE CONSUMO (Euros);Estado civil: Viudo;2022;212,2
GASTO MEDIO POR UNIDAD DE CONSUMO (Euros);Estado civil: Viudo;2021;207,2
GASTO MEDIO POR UNIDAD DE CONSUMO (Euros);Estado civil: Viudo;2020;225,9
GASTO MEDIO POR UNIDAD DE CONSUMO (Euros);Estado civil: Viudo;2019;270,8
GASTO MEDIO POR UNIDAD DE CONSUMO (Euros);Estado civil: Viudo;2018;237,6
GASTO MEDIO POR UNIDAD DE CONSUMO (Euros);Estado civil: Viudo;2017;262,2
GASTO MEDIO POR UNIDAD DE CONSUMO (Euros);Estado civil: Viudo;2016;262,3
GASTO MEDIO POR UNIDAD DE CONSUMO (Euros);Estado civil: Separado;2023;346,0
GASTO MEDIO POR UNIDAD DE CONSUMO (Euros);Estado civil: Separado;2022;322,8
GASTO MEDIO POR UNIDAD DE CONSUMO (Euros);Estado civil: Separado;2021;347,0
GASTO MEDIO POR UNIDAD DE CONSUMO (Euros);Estado civil: Separado;2020;296,4
GASTO MEDIO POR UNIDAD DE CONSUMO (Euros);Estado civil: Separado;2019;345,0
GASTO MEDIO POR UNIDAD DE CONSUMO (Euros);Estado civil: Separado;2018;375,4
GASTO MEDIO POR UNIDAD DE CONSUMO (Euros);Estado civil: Separado;2017;411,3
GASTO MEDIO POR UNIDAD DE CONSUMO (Euros);Estado civil: Separado;2016;442,7
GASTO MEDIO POR UNIDAD DE CONSUMO (Euros);Estado civil: Divorciado;2023;347,8
GASTO MEDIO POR UNIDAD DE CONSUMO (Euros);Estado civil: Divorciado;2022;392,3
GASTO MEDIO POR UNIDAD DE CONSUMO (Euros);Estado civil: Divorciado;2021;342,2
GASTO MEDIO POR UNIDAD DE CONSUMO (Euros);Estado civil: Divorciado;2020;357,5
GASTO MEDIO POR UNIDAD DE CONSUMO (Euros);Estado civil: Divorciado;2019;419,7
GASTO MEDIO POR UNIDAD DE CONSUMO (Euros);Estado civil: Divorciado;2018;455,0
GASTO MEDIO POR UNIDAD DE CONSUMO (Euros);Estado civil: Divorciado;2017;462,4
GASTO MEDIO POR UNIDAD DE CONSUMO (Euros);Estado civil: Divorciado;2016;492,2
GASTO MEDIO POR UNIDAD DE CONSUMO (Euros);Tipo de hogar: Persona sola;2023;362,7
GASTO MEDIO POR UNIDAD DE CONSUMO (Euros);Tipo de hogar: Persona sola;2022;351,5
GASTO MEDIO POR UNIDAD DE CONSUMO (Euros);Tipo de hogar: Persona sola;2021;325,9
GASTO MEDIO POR UNIDAD DE CONSUMO (Euros);Tipo de hogar: Persona sola;2020;325,6
GASTO MEDIO POR UNIDAD DE CONSUMO (Euros);Tipo de hogar: Persona sola;2019;397,2
GASTO MEDIO POR UNIDAD DE CONSUMO (Euros);Tipo de hogar: Persona sola;2018;384,1
GASTO MEDIO POR UNIDAD DE CONSUMO (Euros);Tipo de hogar: Persona sola;2017;399,0
GASTO MEDIO POR UNIDAD DE CONSUMO (Euros);Tipo de hogar: Persona sola;2016;405,6
GASTO MEDIO POR UNIDAD DE CONSUMO (Euros);Tipo de hogar: Pareja sin hijos;2023;352,5
GASTO MEDIO POR UNIDAD DE CONSUMO (Euros);Tipo de hogar: Pareja sin hijos;2022;353,2
GASTO MEDIO POR UNIDAD DE CONSUMO (Euros);Tipo de hogar: Pareja sin hijos;2021;325,5
GASTO MEDIO POR UNIDAD DE CONSUMO (Euros);Tipo de hogar: Pareja sin hijos;2020;311,9
GASTO MEDIO POR UNIDAD DE CONSUMO (Euros);Tipo de hogar: Pareja sin hijos;2019;388,3
GASTO MEDIO POR UNIDAD DE CONSUMO (Euros);Tipo de hogar: Pareja sin hijos;2018;383,3
GASTO MEDIO POR UNIDAD DE CONSUMO (Euros);Tipo de hogar: Pareja sin hijos;2017;410,5
GASTO MEDIO POR UNIDAD DE CONSUMO (Euros);Tipo de hogar: Pareja sin hijos;2016;443,3
GASTO MEDIO POR UNIDAD DE CONSUMO (Euros);Tipo de hogar: Pareja con un hijo;2023;350,2
GASTO MEDIO POR UNIDAD DE CONSUMO (Euros);Tipo de hogar: Pareja con un hijo;2022;341,4
GASTO MEDIO POR UNIDAD DE CONSUMO (Euros);Tipo de hogar: Pareja con un hijo;2021;343,0
GASTO MEDIO POR UNIDAD DE CONSUMO (Euros);Tipo de hogar: Pareja con un hijo;2020;330,4
GASTO MEDIO POR UNIDAD DE CONSUMO (Euros);Tipo de hogar: Pareja con un hijo;2019;410,2
GASTO MEDIO POR UNIDAD DE CONSUMO (Euros);Tipo de hogar: Pareja con un hijo;2018;416,1
GASTO MEDIO POR UNIDAD DE CONSUMO (Euros);Tipo de hogar: Pareja con un hijo;2017;438,2
GASTO MEDIO POR UNIDAD DE CONSUMO (Euros);Tipo de hogar: Pareja con un hijo;2016;471,5
GASTO MEDIO POR UNIDAD DE CONSUMO (Euros);Tipo de hogar: Pareja con dos hijos;2023;385,0
GASTO MEDIO POR UNIDAD DE CONSUMO (Euros);Tipo de hogar: Pareja con dos hijos;2022;398,6
GASTO MEDIO POR UNIDAD DE CONSUMO (Euros);Tipo de hogar: Pareja con dos hijos;2021;388,6
GASTO MEDIO POR UNIDAD DE CONSUMO (Euros);Tipo de hogar: Pareja con dos hijos;2020;373,0
GASTO MEDIO POR UNIDAD DE CONSUMO (Euros);Tipo de hogar: Pareja con dos hijos;2019;434,3
GASTO MEDIO POR UNIDAD DE CONSUMO (Euros);Tipo de hogar: Pareja con dos hijos;2018;464,0
GASTO MEDIO POR UNIDAD DE CONSUMO (Euros);Tipo de hogar: Pareja con dos hijos;2017;486,6
GASTO MEDIO POR UNIDAD DE CONSUMO (Euros);Tipo de hogar: Pareja con dos hijos;2016;524,7
GASTO MEDIO POR UNIDAD DE CONSUMO (Euros);Tipo de hogar: Pareja con tres o más hijos;2023;368,8
GASTO MEDIO POR UNIDAD DE CONSUMO (Euros);Tipo de hogar: Pareja con tres o más hijos;2022;433,9
GASTO MEDIO POR UNIDAD DE CONSUMO (Euros);Tipo de hogar: Pareja con tres o más hijos;2021;381,0
GASTO MEDIO POR UNIDAD DE CONSUMO (Euros);Tipo de hogar: Pareja con tres o más hijos;2020;354,5
GASTO MEDIO POR UNIDAD DE CONSUMO (Euros);Tipo de hogar: Pareja con tres o más hijos;2019;421,7
GASTO MEDIO POR UNIDAD DE CONSUMO (Euros);Tipo de hogar: Pareja con tres o más hijos;2018;456,9
GASTO MEDIO POR UNIDAD DE CONSUMO (Euros);Tipo de hogar: Pareja con tres o más hijos;2017;463,2
GASTO MEDIO POR UNIDAD DE CONSUMO (Euros);Tipo de hogar: Pareja con tres o más hijos;2016;478,7
GASTO MEDIO POR UNIDAD DE CONSUMO (Euros);Tipo de hogar: Un adulto con hijos;2023;321,2
GASTO MEDIO POR UNIDAD DE CONSUMO (Euros);Tipo de hogar: Un adulto con hijos;2022;345,7
GASTO MEDIO POR UNIDAD DE CONSUMO (Euros);Tipo de hogar: Un adulto con hijos;2021;314,4
GASTO MEDIO POR UNIDAD DE CONSUMO (Euros);Tipo de hogar: Un adulto con hijos;2020;318,7
GASTO MEDIO POR UNIDAD DE CONSUMO (Euros);Tipo de hogar: Un adulto con hijos;2019;363,7
GASTO MEDIO POR UNIDAD DE CONSUMO (Euros);Tipo de hogar: Un adulto con hijos;2018;362,6
GASTO MEDIO POR UNIDAD DE CONSUMO (Euros);Tipo de hogar: Un adulto con hijos;2017;381,2
GASTO MEDIO POR UNIDAD DE CONSUMO (Euros);Tipo de hogar: Un adulto con hijos;2016;431,8
GASTO MEDIO POR UNIDAD DE CONSUMO (Euros);Tipo de hogar: Otro tipo de hogares;2023;264,7
GASTO MEDIO POR UNIDAD DE CONSUMO (Euros);Tipo de hogar: Otro tipo de hogares;2022;282,9
GASTO MEDIO POR UNIDAD DE CONSUMO (Euros);Tipo de hogar: Otro tipo de hogares;2021;286,3
GASTO MEDIO POR UNIDAD DE CONSUMO (Euros);Tipo de hogar: Otro tipo de hogares;2020;294,4
GASTO MEDIO POR UNIDAD DE CONSUMO (Euros);Tipo de hogar: Otro tipo de hogares;2019;321,6
GASTO MEDIO POR UNIDAD DE CONSUMO (Euros);Tipo de hogar: Otro tipo de hogares;2018;363,9
GASTO MEDIO POR UNIDAD DE CONSUMO (Euros);Tipo de hogar: Otro tipo de hogares;2017;390,5
GASTO MEDIO POR UNIDAD DE CONSUMO (Euros);Tipo de hogar: Otro tipo de hogares;2016;390,8
GASTO MEDIO POR PERSONA (Euros);Hombres;2023;229,0
GASTO MEDIO POR PERSONA (Euros);Hombres;2022;239,8
GASTO MEDIO POR PERSONA (Euros);Hombres;2021;226,1
GASTO MEDIO POR PERSONA (Euros);Hombres;2020;219,3
GASTO MEDIO POR PERSONA (Euros);Hombres;2019;259,2
GASTO MEDIO POR PERSONA (Euros);Hombres;2018;274,7
GASTO MEDIO POR PERSONA (Euros);Hombres;2017;288,7
GASTO MEDIO POR PERSONA (Euros);Hombres;2016;305,9
GASTO MEDIO POR PERSONA (Euros);Mujeres;2023;250,6
GASTO MEDIO POR PERSONA (Euros);Mujeres;2022;245,4
GASTO MEDIO POR PERSONA (Euros);Mujeres;2021;239,1
GASTO MEDIO POR PERSONA (Euros);Mujeres;2020;233,9
GASTO MEDIO POR PERSONA (Euros);Mujeres;2019;285,8
GASTO MEDIO POR PERSONA (Euros);Mujeres;2018;274,6
GASTO MEDIO POR PERSONA (Euros);Mujeres;2017;288,3
GASTO MEDIO POR PERSONA (Euros);Mujeres;2016;308,4
GASTO MEDIO POR PERSONA (Euros);Grupo de edad: de 16 a 29 años;2023;356,4
GASTO MEDIO POR PERSONA (Euros);Grupo de edad: de 16 a 29 años;2022;322,9
GASTO MEDIO POR PERSONA (Euros);Grupo de edad: de 16 a 29 años;2021;307,6
GASTO MEDIO POR PERSONA (Euros);Grupo de edad: de 16 a 29 años;2020;329,4
GASTO MEDIO POR PERSONA (Euros);Grupo de edad: de 16 a 29 años;2019;405,6
GASTO MEDIO POR PERSONA (Euros);Grupo de edad: de 16 a 29 años;2018;389,0
GASTO MEDIO POR PERSONA (Euros);Grupo de edad: de 16 a 29 años;2017;372,5
GASTO MEDIO POR PERSONA (Euros);Grupo de edad: de 16 a 29 años;2016;442,4
GASTO MEDIO POR PERSONA (Euros);Grupo de edad: de 30 a 44 años;2023;281,8
GASTO MEDIO POR PERSONA (Euros);Grupo de edad: de 30 a 44 años;2022;281,5
GASTO MEDIO POR PERSONA (Euros);Grupo de edad: de 30 a 44 años;2021;252,1
GASTO MEDIO POR PERSONA (Euros);Grupo de edad: de 30 a 44 años;2020;245,6
GASTO MEDIO POR PERSONA (Euros);Grupo de edad: de 30 a 44 años;2019;302,3
GASTO MEDIO POR PERSONA (Euros);Grupo de edad: de 30 a 44 años;2018;303,3
GASTO MEDIO POR PERSONA (Euros);Grupo de edad: de 30 a 44 años;2017;309,3
GASTO MEDIO POR PERSONA (Euros);Grupo de edad: de 30 a 44 años;2016;330,6
GASTO MEDIO POR PERSONA (Euros);Grupo de edad: de 45 a 64 años;2023;230,1
GASTO MEDIO POR PERSONA (Euros);Grupo de edad: de 45 a 64 años;2022;243,3
GASTO MEDIO POR PERSONA (Euros);Grupo de edad: de 45 a 64 años;2021;239,1
GASTO MEDIO POR PERSONA (Euros);Grupo de edad: de 45 a 64 años;2020;230,4
GASTO MEDIO POR PERSONA (Euros);Grupo de edad: de 45 a 64 años;2019;271,8
GASTO MEDIO POR PERSONA (Euros);Grupo de edad: de 45 a 64 años;2018;287,2
GASTO MEDIO POR PERSONA (Euros);Grupo de edad: de 45 a 64 años;2017;307,0
GASTO MEDIO POR PERSONA (Euros);Grupo de edad: de 45 a 64 años;2016;321,1
GASTO MEDIO POR PERSONA (Euros);Grupo de edad: de 65 años en adelante;2023;180,2
GASTO MEDIO POR PERSONA (Euros);Grupo de edad: de 65 años en adelante;2022;181,1
GASTO MEDIO POR PERSONA (Euros);Grupo de edad: de 65 años en adelante;2021;174,6
GASTO MEDIO POR PERSONA (Euros);Grupo de edad: de 65 años en adelante;2020;167,9
GASTO MEDIO POR PERSONA (Euros);Grupo de edad: de 65 años en adelante;2019;192,5
GASTO MEDIO POR PERSONA (Euros);Grupo de edad: de 65 años en adelante;2018;197,3
GASTO MEDIO POR PERSONA (Euros);Grupo de edad: de 65 años en adelante;2017;213,9
GASTO MEDIO POR PERSONA (Euros);Grupo de edad: de 65 años en adelante;2016;227,3
GASTO MEDIO POR PERSONA (Euros);Nivel de estudios:  Primera etapa de ed. secundaria e inferior;2023;159,3
GASTO MEDIO POR PERSONA (Euros);Nivel de estudios:  Primera etapa de ed. secundaria e inferior;2022;159,2
GASTO MEDIO POR PERSONA (Euros);Nivel de estudios:  Primera etapa de ed. secundaria e inferior;2021;155,0
GASTO MEDIO POR PERSONA (Euros);Nivel de estudios:  Primera etapa de ed. secundaria e inferior;2020;150,9
GASTO MEDIO POR PERSONA (Euros);Nivel de estudios:  Primera etapa de ed. secundaria e inferior;2019;182,4
GASTO MEDIO POR PERSONA (Euros);Nivel de estudios:  Primera etapa de ed. secundaria e inferior;2018;195,0
GASTO MEDIO POR PERSONA (Euros);Nivel de estudios:  Primera etapa de ed. secundaria e inferior;2017;206,2
GASTO MEDIO POR PERSONA (Euros);Nivel de estudios:  Primera etapa de ed. secundaria e inferior;2016;217,4
GASTO MEDIO POR PERSONA (Euros);Nivel de estudios:  Segunda etapa de educación secundaria;2023;220,4
GASTO MEDIO POR PERSONA (Euros);Nivel de estudios:  Segunda etapa de educación secundaria;2022;229,4
GASTO MEDIO POR PERSONA (Euros);Nivel de estudios:  Segunda etapa de educación secundaria;2021;223,6
GASTO MEDIO POR PERSONA (Euros);Nivel de estudios:  Segunda etapa de educación secundaria;2020;216,8
GASTO MEDIO POR PERSONA (Euros);Nivel de estudios:  Segunda etapa de educación secundaria;2019;268,7
GASTO MEDIO POR PERSONA (Euros);Nivel de estudios:  Segunda etapa de educación secundaria;2018;274,8
GASTO MEDIO POR PERSONA (Euros);Nivel de estudios:  Segunda etapa de educación secundaria;2017;294,1
GASTO MEDIO POR PERSONA (Euros);Nivel de estudios:  Segunda etapa de educación secundaria;2016;328,6
GASTO MEDIO POR PERSONA (Euros);Nivel de estudios: Educación superior o equivalente;2023;317,6
GASTO MEDIO POR PERSONA (Euros);Nivel de estudios: Educación superior o equivalente;2022;328,8
GASTO MEDIO POR PERSONA (Euros);Nivel de estudios: Educación superior o equivalente;2021;309,4
GASTO MEDIO POR PERSONA (Euros);Nivel de estudios: Educación superior o equivalente;2020;308,2
GASTO MEDIO POR PERSONA (Euros);Nivel de estudios: Educación superior o equivalente;2019;370,3
GASTO MEDIO POR PERSONA (Euros);Nivel de estudios: Educación superior o equivalente;2018;378,8
GASTO MEDIO POR PERSONA (Euros);Nivel de estudios: Educación superior o equivalente;2017;403,0
GASTO MEDIO POR PERSONA (Euros);Nivel de estudios: Educación superior o equivalente;2016;425,3
GASTO MEDIO POR PERSONA (Euros);Situación laboral: Ocupado;2023;260,1
GASTO MEDIO POR PERSONA (Euros);Situación laboral: Ocupado;2022;265,7
GASTO MEDIO POR PERSONA (Euros);Situación laboral: Ocupado;2021;255,2
GASTO MEDIO POR PERSONA (Euros);Situación laboral: Ocupado;2020;249,1
GASTO MEDIO POR PERSONA (Euros);Situación laboral: Ocupado;2019;301,7
GASTO MEDIO POR PERSONA (Euros);Situación laboral: Ocupado;2018;309,6
GASTO MEDIO POR PERSONA (Euros);Situación laboral: Ocupado;2017;325,5
GASTO MEDIO POR PERSONA (Euros);Situación laboral: Ocupado;2016;348,7
GASTO MEDIO POR PERSONA (Euros);Situación laboral: Parado;2023;162,7
GASTO MEDIO POR PERSONA (Euros);Situación laboral: Parado;2022;162,1
GASTO MEDIO POR PERSONA (Euros);Situación laboral: Parado;2021;157,3
GASTO MEDIO POR PERSONA (Euros);Situación laboral: Parado;2020;163,9
GASTO MEDIO POR PERSONA (Euros);Situación laboral: Parado;2019;179,3
GASTO MEDIO POR PERSONA (Euros);Situación laboral: Parado;2018;189,6
GASTO MEDIO POR PERSONA (Euros);Situación laboral: Parado;2017;181,6
GASTO MEDIO POR PERSONA (Euros);Situación laboral: Parado;2016;191,7
GASTO MEDIO POR PERSONA (Euros);Situación laboral: Jubilado o retirado;2023;184,6
GASTO MEDIO POR PERSONA (Euros);Situación laboral: Jubilado o retirado;2022;195,1
GASTO MEDIO POR PERSONA (Euros);Situación laboral: Jubilado o retirado;2021;186,9
GASTO MEDIO POR PERSONA (Euros);Situación laboral: Jubilado o retirado;2020;177,3
GASTO MEDIO POR PERSONA (Euros);Situación laboral: Jubilado o retirado;2019;203,4
GASTO MEDIO POR PERSONA (Euros);Situación laboral: Jubilado o retirado;2018;214,5
GASTO MEDIO POR PERSONA (Euros);Situación laboral: Jubilado o retirado;2017;230,3
GASTO MEDIO POR PERSONA (Euros);Situación laboral: Jubilado o retirado;2016;244,3
GASTO MEDIO POR PERSONA (Euros);Situación laboral: Otros inactivos;2023;160,7
GASTO MEDIO POR PERSONA (Euros);Situación laboral: Otros inactivos;2022;164,4
GASTO MEDIO POR PERSONA (Euros);Situación laboral: Otros inactivos;2021;127,8
GASTO MEDIO POR PERSONA (Euros);Situación laboral: Otros inactivos;2020;144,7
GASTO MEDIO POR PERSONA (Euros);Situación laboral: Otros inactivos;2019;168,5
GASTO MEDIO POR PERSONA (Euros);Situación laboral: Otros inactivos;2018;177,4
GASTO MEDIO POR PERSONA (Euros);Situación laboral: Otros inactivos;2017;191,2
GASTO MEDIO POR PERSONA (Euros);Situación laboral: Otros inactivos;2016;221,7
GASTO MEDIO POR PERSONA (Euros);Estado civil: Soltero;2023;316,8
GASTO MEDIO POR PERSONA (Euros);Estado civil: Soltero;2022;317,5
GASTO MEDIO POR PERSONA (Euros);Estado civil: Soltero;2021;290,0
GASTO MEDIO POR PERSONA (Euros);Estado civil: Soltero;2020;293,2
GASTO MEDIO POR PERSONA (Euros);Estado civil: Soltero;2019;367,6
GASTO MEDIO POR PERSONA (Euros);Estado civil: Soltero;2018;360,1
GASTO MEDIO POR PERSONA (Euros);Estado civil: Soltero;2017;368,4
GASTO MEDIO POR PERSONA (Euros);Estado civil: Soltero;2016;389,0
GASTO MEDIO POR PERSONA (Euros);Estado civil: Casado;2023;211,5
GASTO MEDIO POR PERSONA (Euros);Estado civil: Casado;2022;220,1
GASTO MEDIO POR PERSONA (Euros);Estado civil: Casado;2021;215,2
GASTO MEDIO POR PERSONA (Euros);Estado civil: Casado;2020;204,4
GASTO MEDIO POR PERSONA (Euros);Estado civil: Casado;2019;240,8
GASTO MEDIO POR PERSONA (Euros);Estado civil: Casado;2018;255,9
GASTO MEDIO POR PERSONA (Euros);Estado civil: Casado;2017;270,7
GASTO MEDIO POR PERSONA (Euros);Estado civil: Casado;2016;290,8
GASTO MEDIO POR PERSONA (Euros);Estado civil: Viudo;2023;185,3
GASTO MEDIO POR PERSONA (Euros);Estado civil: Viudo;2022;176,2
GASTO MEDIO POR PERSONA (Euros);Estado civil: Viudo;2021;171,5
GASTO MEDIO POR PERSONA (Euros);Estado civil: Viudo;2020;187,3
GASTO MEDIO POR PERSONA (Euros);Estado civil: Viudo;2019;225,0
GASTO MEDIO POR PERSONA (Euros);Estado civil: Viudo;2018;196,7
GASTO MEDIO POR PERSONA (Euros);Estado civil: Viudo;2017;215,3
GASTO MEDIO POR PERSONA (Euros);Estado civil: Viudo;2016;214,6
GASTO MEDIO POR PERSONA (Euros);Estado civil: Separado;2023;264,8
GASTO MEDIO POR PERSONA (Euros);Estado civil: Separado;2022;243,3
GASTO MEDIO POR PERSONA (Euros);Estado civil: Separado;2021;258,9
GASTO MEDIO POR PERSONA (Euros);Estado civil: Separado;2020;219,6
GASTO MEDIO POR PERSONA (Euros);Estado civil: Separado;2019;259,3
GASTO MEDIO POR PERSONA (Euros);Estado civil: Separado;2018;281,9
GASTO MEDIO POR PERSONA (Euros);Estado civil: Separado;2017;297,8
GASTO MEDIO POR PERSONA (Euros);Estado civil: Separado;2016;328,0
GASTO MEDIO POR PERSONA (Euros);Estado civil: Divorciado;2023;262,1
GASTO MEDIO POR PERSONA (Euros);Estado civil: Divorciado;2022;294,5
GASTO MEDIO POR PERSONA (Euros);Estado civil: Divorciado;2021;258,0
GASTO MEDIO POR PERSONA (Euros);Estado civil: Divorciado;2020;269,1
GASTO MEDIO POR PERSONA (Euros);Estado civil: Divorciado;2019;311,9
GASTO MEDIO POR PERSONA (Euros);Estado civil: Divorciado;2018;341,2
GASTO MEDIO POR PERSONA (Euros);Estado civil: Divorciado;2017;347,3
GASTO MEDIO POR PERSONA (Euros);Estado civil: Divorciado;2016;365,8
GASTO MEDIO POR PERSONA (Euros);Tipo de hogar: Persona sola;2023;362,7
GASTO MEDIO POR PERSONA (Euros);Tipo de hogar: Persona sola;2022;351,5
GASTO MEDIO POR PERSONA (Euros);Tipo de hogar: Persona sola;2021;325,9
GASTO MEDIO POR PERSONA (Euros);Tipo de hogar: Persona sola;2020;325,6
GASTO MEDIO POR PERSONA (Euros);Tipo de hogar: Persona sola;2019;397,2
GASTO MEDIO POR PERSONA (Euros);Tipo de hogar: Persona sola;2018;384,1
GASTO MEDIO POR PERSONA (Euros);Tipo de hogar: Persona sola;2017;399,0
GASTO MEDIO POR PERSONA (Euros);Tipo de hogar: Persona sola;2016;405,6
GASTO MEDIO POR PERSONA (Euros);Tipo de hogar: Pareja sin hijos;2023;264,4
GASTO MEDIO POR PERSONA (Euros);Tipo de hogar: Pareja sin hijos;2022;264,9
GASTO MEDIO POR PERSONA (Euros);Tipo de hogar: Pareja sin hijos;2021;244,1
GASTO MEDIO POR PERSONA (Euros);Tipo de hogar: Pareja sin hijos;2020;233,9
GASTO MEDIO POR PERSONA (Euros);Tipo de hogar: Pareja sin hijos;2019;291,2
GASTO MEDIO POR PERSONA (Euros);Tipo de hogar: Pareja sin hijos;2018;287,5
GASTO MEDIO POR PERSONA (Euros);Tipo de hogar: Pareja sin hijos;2017;307,9
GASTO MEDIO POR PERSONA (Euros);Tipo de hogar: Pareja sin hijos;2016;332,5
GASTO MEDIO POR PERSONA (Euros);Tipo de hogar: Pareja con un hijo;2023;225,5
GASTO MEDIO POR PERSONA (Euros);Tipo de hogar: Pareja con un hijo;2022;219,6
GASTO MEDIO POR PERSONA (Euros);Tipo de hogar: Pareja con un hijo;2021;220,1
GASTO MEDIO POR PERSONA (Euros);Tipo de hogar: Pareja con un hijo;2020;211,9
GASTO MEDIO POR PERSONA (Euros);Tipo de hogar: Pareja con un hijo;2019;262,7
GASTO MEDIO POR PERSONA (Euros);Tipo de hogar: Pareja con un hijo;2018;266,0
GASTO MEDIO POR PERSONA (Euros);Tipo de hogar: Pareja con un hijo;2017;280,0
GASTO MEDIO POR PERSONA (Euros);Tipo de hogar: Pareja con un hijo;2016;300,9
GASTO MEDIO POR PERSONA (Euros);Tipo de hogar: Pareja con dos hijos;2023;224,6
GASTO MEDIO POR PERSONA (Euros);Tipo de hogar: Pareja con dos hijos;2022;231,0
GASTO MEDIO POR PERSONA (Euros);Tipo de hogar: Pareja con dos hijos;2021;225,1
GASTO MEDIO POR PERSONA (Euros);Tipo de hogar: Pareja con dos hijos;2020;215,5
GASTO MEDIO POR PERSONA (Euros);Tipo de hogar: Pareja con dos hijos;2019;250,0
GASTO MEDIO POR PERSONA (Euros);Tipo de hogar: Pareja con dos hijos;2018;266,8
GASTO MEDIO POR PERSONA (Euros);Tipo de hogar: Pareja con dos hijos;2017;279,6
GASTO MEDIO POR PERSONA (Euros);Tipo de hogar: Pareja con dos hijos;2016;301,2
GASTO MEDIO POR PERSONA (Euros);Tipo de hogar: Pareja con tres o más hijos;2023;198,2
GASTO MEDIO POR PERSONA (Euros);Tipo de hogar: Pareja con tres o más hijos;2022;232,7
GASTO MEDIO POR PERSONA (Euros);Tipo de hogar: Pareja con tres o más hijos;2021;204,8
GASTO MEDIO POR PERSONA (Euros);Tipo de hogar: Pareja con tres o más hijos;2020;188,8
GASTO MEDIO POR PERSONA (Euros);Tipo de hogar: Pareja con tres o más hijos;2019;225,1
GASTO MEDIO POR PERSONA (Euros);Tipo de hogar: Pareja con tres o más hijos;2018;244,2
GASTO MEDIO POR PERSONA (Euros);Tipo de hogar: Pareja con tres o más hijos;2017;247,0
GASTO MEDIO POR PERSONA (Euros);Tipo de hogar: Pareja con tres o más hijos;2016;255,8
GASTO MEDIO POR PERSONA (Euros);Tipo de hogar: Un adulto con hijos;2023;221,6
GASTO MEDIO POR PERSONA (Euros);Tipo de hogar: Un adulto con hijos;2022;238,5
GASTO MEDIO POR PERSONA (Euros);Tipo de hogar: Un adulto con hijos;2021;217,4
GASTO MEDIO POR PERSONA (Euros);Tipo de hogar: Un adulto con hijos;2020;219,6
GASTO MEDIO POR PERSONA (Euros);Tipo de hogar: Un adulto con hijos;2019;250,5
GASTO MEDIO POR PERSONA (Euros);Tipo de hogar: Un adulto con hijos;2018;251,2
GASTO MEDIO POR PERSONA (Euros);Tipo de hogar: Un adulto con hijos;2017;263,8
GASTO MEDIO POR PERSONA (Euros);Tipo de hogar: Un adulto con hijos;2016;297,6
GASTO MEDIO POR PERSONA (Euros);Tipo de hogar: Otro tipo de hogares;2023;157,8
GASTO MEDIO POR PERSONA (Euros);Tipo de hogar: Otro tipo de hogares;2022;170,5
GASTO MEDIO POR PERSONA (Euros);Tipo de hogar: Otro tipo de hogares;2021;171,5
GASTO MEDIO POR PERSONA (Euros);Tipo de hogar: Otro tipo de hogares;2020;177,0
GASTO MEDIO POR PERSONA (Euros);Tipo de hogar: Otro tipo de hogares;2019;194,3
GASTO MEDIO POR PERSONA (Euros);Tipo de hogar: Otro tipo de hogares;2018;220,4
GASTO MEDIO POR PERSONA (Euros);Tipo de hogar: Otro tipo de hogares;2017;237,6
GASTO MEDIO POR PERSONA (Euros);Tipo de hogar: Otro tipo de hogares;2016;238,4
