Indicador;Comunidad autónoma;Grupo de gasto;periodo;Total
TOTAL (Millones de euros);Andalucía;Libro;2023;181,5
TOTAL (Millones de euros);Andalucía;Libro;2022;153,7
TOTAL (Millones de euros);Andalucía;Libro;2021;196,5
TOTAL (Millones de euros);Andalucía;Libro;2020;145,4
TOTAL (Millones de euros);Andalucía;Libro;2019;153,9
TOTAL (Millones de euros);Andalucía;Libro;2018;196,4
TOTAL (Millones de euros);Andalucía;Libro;2017;196,8
TOTAL (Millones de euros);Andalucía;Libro;2016;244,4
TOTAL (Millones de euros);Andalucía;Publicaciones periódicas;2023;40,9
TOTAL (Millones de euros);Andalucía;Publicaciones periódicas;2022;31,2
TOTAL (Millones de euros);Andalucía;Publicaciones periódicas;2021;42,7
TOTAL (Millones de euros);Andalucía;Publicaciones periódicas;2020;41,0
TOTAL (Millones de euros);Andalucía;Publicaciones periódicas;2019;55,7
TOTAL (Millones de euros);Andalucía;Publicaciones periódicas;2018;68,0
TOTAL (Millones de euros);Andalucía;Publicaciones periódicas;2017;65,3
TOTAL (Millones de euros);Andalucía;Publicaciones periódicas;2016;80,8
TOTAL (Millones de euros);Aragón;Libro;2023;60,3
TOTAL (Millones de euros);Aragón;Libro;2022;68,4
TOTAL (Millones de euros);Aragón;Libro;2021;45,7
TOTAL (Millones de euros);Aragón;Libro;2020;64,2
TOTAL (Millones de euros);Aragón;Libro;2019;54,0
TOTAL (Millones de euros);Aragón;Libro;2018;56,3
TOTAL (Millones de euros);Aragón;Libro;2017;60,8
TOTAL (Millones de euros);Aragón;Libro;2016;61,7
TOTAL (Millones de euros);Aragón;Publicaciones periódicas;2023;18,4
TOTAL (Millones de euros);Aragón;Publicaciones periódicas;2022;17,1
TOTAL (Millones de euros);Aragón;Publicaciones periódicas;2021;16,3
TOTAL (Millones de euros);Aragón;Publicaciones periódicas;2020;22,3
TOTAL (Millones de euros);Aragón;Publicaciones periódicas;2019;23,9
TOTAL (Millones de euros);Aragón;Publicaciones periódicas;2018;24,4
TOTAL (Millones de euros);Aragón;Publicaciones periódicas;2017;26,2
TOTAL (Millones de euros);Aragón;Publicaciones periódicas;2016;30,5
TOTAL (Millones de euros);Asturias (Principado de);Libro;2023;41,7
TOTAL (Millones de euros);Asturias (Principado de);Libro;2022;54,9
TOTAL (Millones de euros);Asturias (Principado de);Libro;2021;31,8
TOTAL (Millones de euros);Asturias (Principado de);Libro;2020;24,1
TOTAL (Millones de euros);Asturias (Principado de);Libro;2019;32,0
TOTAL (Millones de euros);Asturias (Principado de);Libro;2018;34,9
TOTAL (Millones de euros);Asturias (Principado de);Libro;2017;46,8
TOTAL (Millones de euros);Asturias (Principado de);Libro;2016;52,3
TOTAL (Millones de euros);Asturias (Principado de);Publicaciones periódicas;2023;15,1
TOTAL (Millones de euros);Asturias (Principado de);Publicaciones periódicas;2022;14,2
TOTAL (Millones de euros);Asturias (Principado de);Publicaciones periódicas;2021;22,3
TOTAL (Millones de euros);Asturias (Principado de);Publicaciones periódicas;2020;14,5
TOTAL (Millones de euros);Asturias (Principado de);Publicaciones periódicas;2019;21,2
TOTAL (Millones de euros);Asturias (Principado de);Publicaciones periódicas;2018;26,3
TOTAL (Millones de euros);Asturias (Principado de);Publicaciones periódicas;2017;30,2
TOTAL (Millones de euros);Asturias (Principado de);Publicaciones periódicas;2016;30,6
TOTAL (Millones de euros);Balears (Illes);Libro;2023;20,6
TOTAL (Millones de euros);Balears (Illes);Libro;2022;77,1
TOTAL (Millones de euros);Balears (Illes);Libro;2021;52,3
TOTAL (Millones de euros);Balears (Illes);Libro;2020;41,2
TOTAL (Millones de euros);Balears (Illes);Libro;2019;59,5
TOTAL (Millones de euros);Balears (Illes);Libro;2018;49,8
TOTAL (Millones de euros);Balears (Illes);Libro;2017;45,9
TOTAL (Millones de euros);Balears (Illes);Libro;2016;58,6
TOTAL (Millones de euros);Balears (Illes);Publicaciones periódicas;2023;10,6
TOTAL (Millones de euros);Balears (Illes);Publicaciones periódicas;2022;11,9
TOTAL (Millones de euros);Balears (Illes);Publicaciones periódicas;2021;7,7
TOTAL (Millones de euros);Balears (Illes);Publicaciones periódicas;2020;6,0
TOTAL (Millones de euros);Balears (Illes);Publicaciones periódicas;2019;10,4
TOTAL (Millones de euros);Balears (Illes);Publicaciones periódicas;2018;22,2
TOTAL (Millones de euros);Balears (Illes);Publicaciones periódicas;2017;19,5
TOTAL (Millones de euros);Balears (Illes);Publicaciones periódicas;2016;22,8
TOTAL (Millones de euros);Canarias;Libro;2023;63,1
TOTAL (Millones de euros);Canarias;Libro;2022;43,9
TOTAL (Millones de euros);Canarias;Libro;2021;50,6
TOTAL (Millones de euros);Canarias;Libro;2020;42,4
TOTAL (Millones de euros);Canarias;Libro;2019;59,4
TOTAL (Millones de euros);Canarias;Libro;2018;70,3
TOTAL (Millones de euros);Canarias;Libro;2017;60,9
TOTAL (Millones de euros);Canarias;Libro;2016;93,4
TOTAL (Millones de euros);Canarias;Publicaciones periódicas;2023;6,9
TOTAL (Millones de euros);Canarias;Publicaciones periódicas;2022;8,6
TOTAL (Millones de euros);Canarias;Publicaciones periódicas;2021;11,0
TOTAL (Millones de euros);Canarias;Publicaciones periódicas;2020;6,8
TOTAL (Millones de euros);Canarias;Publicaciones periódicas;2019;9,7
TOTAL (Millones de euros);Canarias;Publicaciones periódicas;2018;14,8
TOTAL (Millones de euros);Canarias;Publicaciones periódicas;2017;16,9
TOTAL (Millones de euros);Canarias;Publicaciones periódicas;2016;24,1
TOTAL (Millones de euros);Cantabria;Libro;2023;16,7
TOTAL (Millones de euros);Cantabria;Libro;2022;11,3
TOTAL (Millones de euros);Cantabria;Libro;2021;14,2
TOTAL (Millones de euros);Cantabria;Libro;2020;11,8
TOTAL (Millones de euros);Cantabria;Libro;2019;20,6
TOTAL (Millones de euros);Cantabria;Libro;2018;18,0
TOTAL (Millones de euros);Cantabria;Libro;2017;22,1
TOTAL (Millones de euros);Cantabria;Libro;2016;23,1
TOTAL (Millones de euros);Cantabria;Publicaciones periódicas;2023;10,7
TOTAL (Millones de euros);Cantabria;Publicaciones periódicas;2022;10,9
TOTAL (Millones de euros);Cantabria;Publicaciones periódicas;2021;10,0
TOTAL (Millones de euros);Cantabria;Publicaciones periódicas;2020;10,4
TOTAL (Millones de euros);Cantabria;Publicaciones periódicas;2019;12,5
TOTAL (Millones de euros);Cantabria;Publicaciones periódicas;2018;14,9
TOTAL (Millones de euros);Cantabria;Publicaciones periódicas;2017;17,3
TOTAL (Millones de euros);Cantabria;Publicaciones periódicas;2016;18,7
TOTAL (Millones de euros);Castilla y León;Libro;2023;94,4
TOTAL (Millones de euros);Castilla y León;Libro;2022;120,4
TOTAL (Millones de euros);Castilla y León;Libro;2021;147,2
TOTAL (Millones de euros);Castilla y León;Libro;2020;118,5
TOTAL (Millones de euros);Castilla y León;Libro;2019;106,4
TOTAL (Millones de euros);Castilla y León;Libro;2018;117,6
TOTAL (Millones de euros);Castilla y León;Libro;2017;128,5
TOTAL (Millones de euros);Castilla y León;Libro;2016;145,3
TOTAL (Millones de euros);Castilla y León;Publicaciones periódicas;2023;30,3
TOTAL (Millones de euros);Castilla y León;Publicaciones periódicas;2022;27,6
TOTAL (Millones de euros);Castilla y León;Publicaciones periódicas;2021;51,6
TOTAL (Millones de euros);Castilla y León;Publicaciones periódicas;2020;43,6
TOTAL (Millones de euros);Castilla y León;Publicaciones periódicas;2019;36,9
TOTAL (Millones de euros);Castilla y León;Publicaciones periódicas;2018;39,0
TOTAL (Millones de euros);Castilla y León;Publicaciones periódicas;2017;48,2
TOTAL (Millones de euros);Castilla y León;Publicaciones periódicas;2016;47,7
TOTAL (Millones de euros);Castilla-La Mancha;Libro;2023;68,9
TOTAL (Millones de euros);Castilla-La Mancha;Libro;2022;61,3
TOTAL (Millones de euros);Castilla-La Mancha;Libro;2021;51,3
TOTAL (Millones de euros);Castilla-La Mancha;Libro;2020;62,4
TOTAL (Millones de euros);Castilla-La Mancha;Libro;2019;71,9
TOTAL (Millones de euros);Castilla-La Mancha;Libro;2018;79,6
TOTAL (Millones de euros);Castilla-La Mancha;Libro;2017;65,4
TOTAL (Millones de euros);Castilla-La Mancha;Libro;2016;85,2
TOTAL (Millones de euros);Castilla-La Mancha;Publicaciones periódicas;2023;7,4
TOTAL (Millones de euros);Castilla-La Mancha;Publicaciones periódicas;2022;7,6
TOTAL (Millones de euros);Castilla-La Mancha;Publicaciones periódicas;2021;9,9
TOTAL (Millones de euros);Castilla-La Mancha;Publicaciones periódicas;2020;24,8
TOTAL (Millones de euros);Castilla-La Mancha;Publicaciones periódicas;2019;11,3
TOTAL (Millones de euros);Castilla-La Mancha;Publicaciones periódicas;2018;11,5
TOTAL (Millones de euros);Castilla-La Mancha;Publicaciones periódicas;2017;12,8
TOTAL (Millones de euros);Castilla-La Mancha;Publicaciones periódicas;2016;16,9
TOTAL (Millones de euros);Cataluña;Libro;2023;289,0
TOTAL (Millones de euros);Cataluña;Libro;2022;433,3
TOTAL (Millones de euros);Cataluña;Libro;2021;256,5
TOTAL (Millones de euros);Cataluña;Libro;2020;276,6
TOTAL (Millones de euros);Cataluña;Libro;2019;313,6
TOTAL (Millones de euros);Cataluña;Libro;2018;296,6
TOTAL (Millones de euros);Cataluña;Libro;2017;378,8
TOTAL (Millones de euros);Cataluña;Libro;2016;476,5
TOTAL (Millones de euros);Cataluña;Publicaciones periódicas;2023;38,8
TOTAL (Millones de euros);Cataluña;Publicaciones periódicas;2022;65,1
TOTAL (Millones de euros);Cataluña;Publicaciones periódicas;2021;70,9
TOTAL (Millones de euros);Cataluña;Publicaciones periódicas;2020;73,3
TOTAL (Millones de euros);Cataluña;Publicaciones periódicas;2019;95,8
TOTAL (Millones de euros);Cataluña;Publicaciones periódicas;2018;99,9
TOTAL (Millones de euros);Cataluña;Publicaciones periódicas;2017;117,9
TOTAL (Millones de euros);Cataluña;Publicaciones periódicas;2016;142,0
TOTAL (Millones de euros);Comunitat Valenciana;Libro;2023;137,7
TOTAL (Millones de euros);Comunitat Valenciana;Libro;2022;152,8
TOTAL (Millones de euros);Comunitat Valenciana;Libro;2021;163,3
TOTAL (Millones de euros);Comunitat Valenciana;Libro;2020;183,8
TOTAL (Millones de euros);Comunitat Valenciana;Libro;2019;185,3
TOTAL (Millones de euros);Comunitat Valenciana;Libro;2018;207,2
TOTAL (Millones de euros);Comunitat Valenciana;Libro;2017;190,3
TOTAL (Millones de euros);Comunitat Valenciana;Libro;2016;237,3
TOTAL (Millones de euros);Comunitat Valenciana;Publicaciones periódicas;2023;23,0
TOTAL (Millones de euros);Comunitat Valenciana;Publicaciones periódicas;2022;28,6
TOTAL (Millones de euros);Comunitat Valenciana;Publicaciones periódicas;2021;32,6
TOTAL (Millones de euros);Comunitat Valenciana;Publicaciones periódicas;2020;32,3
TOTAL (Millones de euros);Comunitat Valenciana;Publicaciones periódicas;2019;46,7
TOTAL (Millones de euros);Comunitat Valenciana;Publicaciones periódicas;2018;58,5
TOTAL (Millones de euros);Comunitat Valenciana;Publicaciones periódicas;2017;58,1
TOTAL (Millones de euros);Comunitat Valenciana;Publicaciones periódicas;2016;77,1
TOTAL (Millones de euros);Extremadura;Libro;2023;32,7
TOTAL (Millones de euros);Extremadura;Libro;2022;30,2
TOTAL (Millones de euros);Extremadura;Libro;2021;32,4
TOTAL (Millones de euros);Extremadura;Libro;2020;31,7
TOTAL (Millones de euros);Extremadura;Libro;2019;28,6
TOTAL (Millones de euros);Extremadura;Libro;2018;32,6
TOTAL (Millones de euros);Extremadura;Libro;2017;34,7
TOTAL (Millones de euros);Extremadura;Libro;2016;35,7
TOTAL (Millones de euros);Extremadura;Publicaciones periódicas;2023;3,5
TOTAL (Millones de euros);Extremadura;Publicaciones periódicas;2022;3,9
TOTAL (Millones de euros);Extremadura;Publicaciones periódicas;2021;9,0
TOTAL (Millones de euros);Extremadura;Publicaciones periódicas;2020;4,9
TOTAL (Millones de euros);Extremadura;Publicaciones periódicas;2019;6,8
TOTAL (Millones de euros);Extremadura;Publicaciones periódicas;2018;5,6
TOTAL (Millones de euros);Extremadura;Publicaciones periódicas;2017;6,7
TOTAL (Millones de euros);Extremadura;Publicaciones periódicas;2016;11,6
TOTAL (Millones de euros);Galicia;Libro;2023;118,2
TOTAL (Millones de euros);Galicia;Libro;2022;107,8
TOTAL (Millones de euros);Galicia;Libro;2021;121,7
TOTAL (Millones de euros);Galicia;Libro;2020;132,9
TOTAL (Millones de euros);Galicia;Libro;2019;97,0
TOTAL (Millones de euros);Galicia;Libro;2018;97,8
TOTAL (Millones de euros);Galicia;Libro;2017;84,6
TOTAL (Millones de euros);Galicia;Libro;2016;86,1
TOTAL (Millones de euros);Galicia;Publicaciones periódicas;2023;38,0
TOTAL (Millones de euros);Galicia;Publicaciones periódicas;2022;35,8
TOTAL (Millones de euros);Galicia;Publicaciones periódicas;2021;45,2
TOTAL (Millones de euros);Galicia;Publicaciones periódicas;2020;47,4
TOTAL (Millones de euros);Galicia;Publicaciones periódicas;2019;40,0
TOTAL (Millones de euros);Galicia;Publicaciones periódicas;2018;42,9
TOTAL (Millones de euros);Galicia;Publicaciones periódicas;2017;46,5
TOTAL (Millones de euros);Galicia;Publicaciones periódicas;2016;63,3
TOTAL (Millones de euros);Madrid (Comunidad de);Libro;2023;324,8
TOTAL (Millones de euros);Madrid (Comunidad de);Libro;2022;342,7
TOTAL (Millones de euros);Madrid (Comunidad de);Libro;2021;283,2
TOTAL (Millones de euros);Madrid (Comunidad de);Libro;2020;348,9
TOTAL (Millones de euros);Madrid (Comunidad de);Libro;2019;375,6
TOTAL (Millones de euros);Madrid (Comunidad de);Libro;2018;416,1
TOTAL (Millones de euros);Madrid (Comunidad de);Libro;2017;432,9
TOTAL (Millones de euros);Madrid (Comunidad de);Libro;2016;444,7
TOTAL (Millones de euros);Madrid (Comunidad de);Publicaciones periódicas;2023;44,1
TOTAL (Millones de euros);Madrid (Comunidad de);Publicaciones periódicas;2022;50,3
TOTAL (Millones de euros);Madrid (Comunidad de);Publicaciones periódicas;2021;64,5
TOTAL (Millones de euros);Madrid (Comunidad de);Publicaciones periódicas;2020;65,1
TOTAL (Millones de euros);Madrid (Comunidad de);Publicaciones periódicas;2019;98,6
TOTAL (Millones de euros);Madrid (Comunidad de);Publicaciones periódicas;2018;96,4
TOTAL (Millones de euros);Madrid (Comunidad de);Publicaciones periódicas;2017;115,1
TOTAL (Millones de euros);Madrid (Comunidad de);Publicaciones periódicas;2016;127,9
TOTAL (Millones de euros);Murcia (Región de);Libro;2023;68,0
TOTAL (Millones de euros);Murcia (Región de);Libro;2022;64,5
TOTAL (Millones de euros);Murcia (Región de);Libro;2021;56,4
TOTAL (Millones de euros);Murcia (Región de);Libro;2020;45,4
TOTAL (Millones de euros);Murcia (Región de);Libro;2019;84,4
TOTAL (Millones de euros);Murcia (Región de);Libro;2018;62,2
TOTAL (Millones de euros);Murcia (Región de);Libro;2017;75,6
TOTAL (Millones de euros);Murcia (Región de);Libro;2016;73,3
TOTAL (Millones de euros);Murcia (Región de);Publicaciones periódicas;2023;2,0
TOTAL (Millones de euros);Murcia (Región de);Publicaciones periódicas;2022;4,8
TOTAL (Millones de euros);Murcia (Región de);Publicaciones periódicas;2021;6,5
TOTAL (Millones de euros);Murcia (Región de);Publicaciones periódicas;2020;5,9
TOTAL (Millones de euros);Murcia (Región de);Publicaciones periódicas;2019;12,6
TOTAL (Millones de euros);Murcia (Región de);Publicaciones periódicas;2018;11,8
TOTAL (Millones de euros);Murcia (Región de);Publicaciones periódicas;2017;14,6
TOTAL (Millones de euros);Murcia (Región de);Publicaciones periódicas;2016;24,2
TOTAL (Millones de euros);Navarra (Comunidad Foral de);Libro;2023;17,7
TOTAL (Millones de euros);Navarra (Comunidad Foral de);Libro;2022;22,8
TOTAL (Millones de euros);Navarra (Comunidad Foral de);Libro;2021;19,9
TOTAL (Millones de euros);Navarra (Comunidad Foral de);Libro;2020;17,8
TOTAL (Millones de euros);Navarra (Comunidad Foral de);Libro;2019;25,3
TOTAL (Millones de euros);Navarra (Comunidad Foral de);Libro;2018;31,1
TOTAL (Millones de euros);Navarra (Comunidad Foral de);Libro;2017;28,8
TOTAL (Millones de euros);Navarra (Comunidad Foral de);Libro;2016;29,9
TOTAL (Millones de euros);Navarra (Comunidad Foral de);Publicaciones periódicas;2023;17,8
TOTAL (Millones de euros);Navarra (Comunidad Foral de);Publicaciones periódicas;2022;19,7
TOTAL (Millones de euros);Navarra (Comunidad Foral de);Publicaciones periódicas;2021;21,6
TOTAL (Millones de euros);Navarra (Comunidad Foral de);Publicaciones periódicas;2020;24,3
TOTAL (Millones de euros);Navarra (Comunidad Foral de);Publicaciones periódicas;2019;19,7
TOTAL (Millones de euros);Navarra (Comunidad Foral de);Publicaciones periódicas;2018;23,4
TOTAL (Millones de euros);Navarra (Comunidad Foral de);Publicaciones periódicas;2017;27,2
TOTAL (Millones de euros);Navarra (Comunidad Foral de);Publicaciones periódicas;2016;27,5
TOTAL (Millones de euros);País Vasco;Libro;2023;67,8
TOTAL (Millones de euros);País Vasco;Libro;2022;82,3
TOTAL (Millones de euros);País Vasco;Libro;2021;79,7
TOTAL (Millones de euros);País Vasco;Libro;2020;79,0
TOTAL (Millones de euros);País Vasco;Libro;2019;73,6
TOTAL (Millones de euros);País Vasco;Libro;2018;80,3
TOTAL (Millones de euros);País Vasco;Libro;2017;80,2
TOTAL (Millones de euros);País Vasco;Libro;2016;106,5
TOTAL (Millones de euros);País Vasco;Publicaciones periódicas;2023;67,1
TOTAL (Millones de euros);País Vasco;Publicaciones periódicas;2022;61,9
TOTAL (Millones de euros);País Vasco;Publicaciones periódicas;2021;74,8
TOTAL (Millones de euros);País Vasco;Publicaciones periódicas;2020;83,7
TOTAL (Millones de euros);País Vasco;Publicaciones periódicas;2019;77,1
TOTAL (Millones de euros);País Vasco;Publicaciones periódicas;2018;82,7
TOTAL (Millones de euros);País Vasco;Publicaciones periódicas;2017;103,7
TOTAL (Millones de euros);País Vasco;Publicaciones periódicas;2016;95,1
TOTAL (Millones de euros);Rioja (La);Libro;2023;15,0
TOTAL (Millones de euros);Rioja (La);Libro;2022;15,7
TOTAL (Millones de euros);Rioja (La);Libro;2021;13,6
TOTAL (Millones de euros);Rioja (La);Libro;2020;17,2
TOTAL (Millones de euros);Rioja (La);Libro;2019;20,4
TOTAL (Millones de euros);Rioja (La);Libro;2018;15,8
TOTAL (Millones de euros);Rioja (La);Libro;2017;15,3
TOTAL (Millones de euros);Rioja (La);Libro;2016;15,3
TOTAL (Millones de euros);Rioja (La);Publicaciones periódicas;2023;3,3
TOTAL (Millones de euros);Rioja (La);Publicaciones periódicas;2022;3,3
TOTAL (Millones de euros);Rioja (La);Publicaciones periódicas;2021;4,4
TOTAL (Millones de euros);Rioja (La);Publicaciones periódicas;2020;4,7
TOTAL (Millones de euros);Rioja (La);Publicaciones periódicas;2019;5,1
TOTAL (Millones de euros);Rioja (La);Publicaciones periódicas;2018;5,8
TOTAL (Millones de euros);Rioja (La);Publicaciones periódicas;2017;5,7
TOTAL (Millones de euros);Rioja (La);Publicaciones periódicas;2016;7,2
TOTAL (Millones de euros);Ceuta y Melilla;Libro;2023;..
TOTAL (Millones de euros);Ceuta y Melilla;Libro;2022;..
TOTAL (Millones de euros);Ceuta y Melilla;Libro;2021;..
TOTAL (Millones de euros);Ceuta y Melilla;Libro;2020;..
TOTAL (Millones de euros);Ceuta y Melilla;Libro;2019;..
TOTAL (Millones de euros);Ceuta y Melilla;Libro;2018;..
TOTAL (Millones de euros);Ceuta y Melilla;Libro;2017;..
TOTAL (Millones de euros);Ceuta y Melilla;Libro;2016;..
TOTAL (Millones de euros);Ceuta y Melilla;Publicaciones periódicas;2023;..
TOTAL (Millones de euros);Ceuta y Melilla;Publicaciones periódicas;2022;..
TOTAL (Millones de euros);Ceuta y Melilla;Publicaciones periódicas;2021;..
TOTAL (Millones de euros);Ceuta y Melilla;Publicaciones periódicas;2020;..
TOTAL (Millones de euros);Ceuta y Melilla;Publicaciones periódicas;2019;..
TOTAL (Millones de euros);Ceuta y Melilla;Publicaciones periódicas;2018;..
TOTAL (Millones de euros);Ceuta y Melilla;Publicaciones periódicas;2017;..
TOTAL (Millones de euros);Ceuta y Melilla;Publicaciones periódicas;2016;..
GASTO MEDIO POR HOGAR (Euros);Andalucía;Libro;2023;54,0
GASTO MEDIO POR HOGAR (Euros);Andalucía;Libro;2022;46,5
GASTO MEDIO POR HOGAR (Euros);Andalucía;Libro;2021;59,9
GASTO MEDIO POR HOGAR (Euros);Andalucía;Libro;2020;44,6
GASTO MEDIO POR HOGAR (Euros);Andalucía;Libro;2019;47,6
GASTO MEDIO POR HOGAR (Euros);Andalucía;Libro;2018;61,0
GASTO MEDIO POR HOGAR (Euros);Andalucía;Libro;2017;61,3
GASTO MEDIO POR HOGAR (Euros);Andalucía;Libro;2016;76,4
GASTO MEDIO POR HOGAR (Euros);Andalucía;Publicaciones periódicas;2023;12,2
GASTO MEDIO POR HOGAR (Euros);Andalucía;Publicaciones periódicas;2022;9,4
GASTO MEDIO POR HOGAR (Euros);Andalucía;Publicaciones periódicas;2021;13,0
GASTO MEDIO POR HOGAR (Euros);Andalucía;Publicaciones periódicas;2020;12,6
GASTO MEDIO POR HOGAR (Euros);Andalucía;Publicaciones periódicas;2019;17,2
GASTO MEDIO POR HOGAR (Euros);Andalucía;Publicaciones periódicas;2018;21,1
GASTO MEDIO POR HOGAR (Euros);Andalucía;Publicaciones periódicas;2017;20,3
GASTO MEDIO POR HOGAR (Euros);Andalucía;Publicaciones periódicas;2016;25,2
GASTO MEDIO POR HOGAR (Euros);Aragón;Libro;2023;107,9
GASTO MEDIO POR HOGAR (Euros);Aragón;Libro;2022;125,4
GASTO MEDIO POR HOGAR (Euros);Aragón;Libro;2021;84,1
GASTO MEDIO POR HOGAR (Euros);Aragón;Libro;2020;118,1
GASTO MEDIO POR HOGAR (Euros);Aragón;Libro;2019;99,6
GASTO MEDIO POR HOGAR (Euros);Aragón;Libro;2018;104,2
GASTO MEDIO POR HOGAR (Euros);Aragón;Libro;2017;113,2
GASTO MEDIO POR HOGAR (Euros);Aragón;Libro;2016;114,7
GASTO MEDIO POR HOGAR (Euros);Aragón;Publicaciones periódicas;2023;32,9
GASTO MEDIO POR HOGAR (Euros);Aragón;Publicaciones periódicas;2022;31,4
GASTO MEDIO POR HOGAR (Euros);Aragón;Publicaciones periódicas;2021;30,0
GASTO MEDIO POR HOGAR (Euros);Aragón;Publicaciones periódicas;2020;41,1
GASTO MEDIO POR HOGAR (Euros);Aragón;Publicaciones periódicas;2019;44,1
GASTO MEDIO POR HOGAR (Euros);Aragón;Publicaciones periódicas;2018;45,2
GASTO MEDIO POR HOGAR (Euros);Aragón;Publicaciones periódicas;2017;48,7
GASTO MEDIO POR HOGAR (Euros);Aragón;Publicaciones periódicas;2016;56,6
GASTO MEDIO POR HOGAR (Euros);Asturias (Principado de);Libro;2023;92,0
GASTO MEDIO POR HOGAR (Euros);Asturias (Principado de);Libro;2022;120,8
GASTO MEDIO POR HOGAR (Euros);Asturias (Principado de);Libro;2021;70,2
GASTO MEDIO POR HOGAR (Euros);Asturias (Principado de);Libro;2020;52,9
GASTO MEDIO POR HOGAR (Euros);Asturias (Principado de);Libro;2019;70,4
GASTO MEDIO POR HOGAR (Euros);Asturias (Principado de);Libro;2018;76,9
GASTO MEDIO POR HOGAR (Euros);Asturias (Principado de);Libro;2017;102,5
GASTO MEDIO POR HOGAR (Euros);Asturias (Principado de);Libro;2016;114,2
GASTO MEDIO POR HOGAR (Euros);Asturias (Principado de);Publicaciones periódicas;2023;33,3
GASTO MEDIO POR HOGAR (Euros);Asturias (Principado de);Publicaciones periódicas;2022;31,3
GASTO MEDIO POR HOGAR (Euros);Asturias (Principado de);Publicaciones periódicas;2021;49,1
GASTO MEDIO POR HOGAR (Euros);Asturias (Principado de);Publicaciones periódicas;2020;32,0
GASTO MEDIO POR HOGAR (Euros);Asturias (Principado de);Publicaciones periódicas;2019;46,6
GASTO MEDIO POR HOGAR (Euros);Asturias (Principado de);Publicaciones periódicas;2018;57,9
GASTO MEDIO POR HOGAR (Euros);Asturias (Principado de);Publicaciones periódicas;2017;66,2
GASTO MEDIO POR HOGAR (Euros);Asturias (Principado de);Publicaciones periódicas;2016;66,9
GASTO MEDIO POR HOGAR (Euros);Balears (Illes);Libro;2023;45,0
GASTO MEDIO POR HOGAR (Euros);Balears (Illes);Libro;2022;164,3
GASTO MEDIO POR HOGAR (Euros);Balears (Illes);Libro;2021;112,6
GASTO MEDIO POR HOGAR (Euros);Balears (Illes);Libro;2020;88,5
GASTO MEDIO POR HOGAR (Euros);Balears (Illes);Libro;2019;129,3
GASTO MEDIO POR HOGAR (Euros);Balears (Illes);Libro;2018;109,7
GASTO MEDIO POR HOGAR (Euros);Balears (Illes);Libro;2017;102,4
GASTO MEDIO POR HOGAR (Euros);Balears (Illes);Libro;2016;131,3
GASTO MEDIO POR HOGAR (Euros);Balears (Illes);Publicaciones periódicas;2023;23,2
GASTO MEDIO POR HOGAR (Euros);Balears (Illes);Publicaciones periódicas;2022;25,4
GASTO MEDIO POR HOGAR (Euros);Balears (Illes);Publicaciones periódicas;2021;16,5
GASTO MEDIO POR HOGAR (Euros);Balears (Illes);Publicaciones periódicas;2020;12,9
GASTO MEDIO POR HOGAR (Euros);Balears (Illes);Publicaciones periódicas;2019;22,7
GASTO MEDIO POR HOGAR (Euros);Balears (Illes);Publicaciones periódicas;2018;49,0
GASTO MEDIO POR HOGAR (Euros);Balears (Illes);Publicaciones periódicas;2017;43,5
GASTO MEDIO POR HOGAR (Euros);Balears (Illes);Publicaciones periódicas;2016;51,1
GASTO MEDIO POR HOGAR (Euros);Canarias;Libro;2023;74,2
GASTO MEDIO POR HOGAR (Euros);Canarias;Libro;2022;50,2
GASTO MEDIO POR HOGAR (Euros);Canarias;Libro;2021;58,6
GASTO MEDIO POR HOGAR (Euros);Canarias;Libro;2020;49,2
GASTO MEDIO POR HOGAR (Euros);Canarias;Libro;2019;69,4
GASTO MEDIO POR HOGAR (Euros);Canarias;Libro;2018;83,0
GASTO MEDIO POR HOGAR (Euros);Canarias;Libro;2017;73,3
GASTO MEDIO POR HOGAR (Euros);Canarias;Libro;2016;113,9
GASTO MEDIO POR HOGAR (Euros);Canarias;Publicaciones periódicas;2023;8,1
GASTO MEDIO POR HOGAR (Euros);Canarias;Publicaciones periódicas;2022;9,8
GASTO MEDIO POR HOGAR (Euros);Canarias;Publicaciones periódicas;2021;12,7
GASTO MEDIO POR HOGAR (Euros);Canarias;Publicaciones periódicas;2020;7,9
GASTO MEDIO POR HOGAR (Euros);Canarias;Publicaciones periódicas;2019;11,3
GASTO MEDIO POR HOGAR (Euros);Canarias;Publicaciones periódicas;2018;17,5
GASTO MEDIO POR HOGAR (Euros);Canarias;Publicaciones periódicas;2017;20,4
GASTO MEDIO POR HOGAR (Euros);Canarias;Publicaciones periódicas;2016;29,4
GASTO MEDIO POR HOGAR (Euros);Cantabria;Libro;2023;68,0
GASTO MEDIO POR HOGAR (Euros);Cantabria;Libro;2022;46,1
GASTO MEDIO POR HOGAR (Euros);Cantabria;Libro;2021;58,1
GASTO MEDIO POR HOGAR (Euros);Cantabria;Libro;2020;48,6
GASTO MEDIO POR HOGAR (Euros);Cantabria;Libro;2019;85,4
GASTO MEDIO POR HOGAR (Euros);Cantabria;Libro;2018;74,8
GASTO MEDIO POR HOGAR (Euros);Cantabria;Libro;2017;92,0
GASTO MEDIO POR HOGAR (Euros);Cantabria;Libro;2016;96,1
GASTO MEDIO POR HOGAR (Euros);Cantabria;Publicaciones periódicas;2023;43,6
GASTO MEDIO POR HOGAR (Euros);Cantabria;Publicaciones periódicas;2022;44,4
GASTO MEDIO POR HOGAR (Euros);Cantabria;Publicaciones periódicas;2021;41,0
GASTO MEDIO POR HOGAR (Euros);Cantabria;Publicaciones periódicas;2020;42,9
GASTO MEDIO POR HOGAR (Euros);Cantabria;Publicaciones periódicas;2019;51,9
GASTO MEDIO POR HOGAR (Euros);Cantabria;Publicaciones periódicas;2018;61,8
GASTO MEDIO POR HOGAR (Euros);Cantabria;Publicaciones periódicas;2017;72,1
GASTO MEDIO POR HOGAR (Euros);Cantabria;Publicaciones periódicas;2016;77,8
GASTO MEDIO POR HOGAR (Euros);Castilla y León;Libro;2023;89,9
GASTO MEDIO POR HOGAR (Euros);Castilla y León;Libro;2022;117,3
GASTO MEDIO POR HOGAR (Euros);Castilla y León;Libro;2021;144,0
GASTO MEDIO POR HOGAR (Euros);Castilla y León;Libro;2020;115,6
GASTO MEDIO POR HOGAR (Euros);Castilla y León;Libro;2019;103,9
GASTO MEDIO POR HOGAR (Euros);Castilla y León;Libro;2018;115,1
GASTO MEDIO POR HOGAR (Euros);Castilla y León;Libro;2017;125,3
GASTO MEDIO POR HOGAR (Euros);Castilla y León;Libro;2016;141,2
GASTO MEDIO POR HOGAR (Euros);Castilla y León;Publicaciones periódicas;2023;28,9
GASTO MEDIO POR HOGAR (Euros);Castilla y León;Publicaciones periódicas;2022;26,9
GASTO MEDIO POR HOGAR (Euros);Castilla y León;Publicaciones periódicas;2021;50,4
GASTO MEDIO POR HOGAR (Euros);Castilla y León;Publicaciones periódicas;2020;42,6
GASTO MEDIO POR HOGAR (Euros);Castilla y León;Publicaciones periódicas;2019;36,0
GASTO MEDIO POR HOGAR (Euros);Castilla y León;Publicaciones periódicas;2018;38,2
GASTO MEDIO POR HOGAR (Euros);Castilla y León;Publicaciones periódicas;2017;47,1
GASTO MEDIO POR HOGAR (Euros);Castilla y León;Publicaciones periódicas;2016;46,4
GASTO MEDIO POR HOGAR (Euros);Castilla-La Mancha;Libro;2023;82,7
GASTO MEDIO POR HOGAR (Euros);Castilla-La Mancha;Libro;2022;76,3
GASTO MEDIO POR HOGAR (Euros);Castilla-La Mancha;Libro;2021;64,3
GASTO MEDIO POR HOGAR (Euros);Castilla-La Mancha;Libro;2020;78,6
GASTO MEDIO POR HOGAR (Euros);Castilla-La Mancha;Libro;2019;91,2
GASTO MEDIO POR HOGAR (Euros);Castilla-La Mancha;Libro;2018;101,6
GASTO MEDIO POR HOGAR (Euros);Castilla-La Mancha;Libro;2017;83,3
GASTO MEDIO POR HOGAR (Euros);Castilla-La Mancha;Libro;2016;108,4
GASTO MEDIO POR HOGAR (Euros);Castilla-La Mancha;Publicaciones periódicas;2023;8,8
GASTO MEDIO POR HOGAR (Euros);Castilla-La Mancha;Publicaciones periódicas;2022;9,5
GASTO MEDIO POR HOGAR (Euros);Castilla-La Mancha;Publicaciones periódicas;2021;12,4
GASTO MEDIO POR HOGAR (Euros);Castilla-La Mancha;Publicaciones periódicas;2020;31,3
GASTO MEDIO POR HOGAR (Euros);Castilla-La Mancha;Publicaciones periódicas;2019;14,4
GASTO MEDIO POR HOGAR (Euros);Castilla-La Mancha;Publicaciones periódicas;2018;14,7
GASTO MEDIO POR HOGAR (Euros);Castilla-La Mancha;Publicaciones periódicas;2017;16,3
GASTO MEDIO POR HOGAR (Euros);Castilla-La Mancha;Publicaciones periódicas;2016;21,4
GASTO MEDIO POR HOGAR (Euros);Cataluña;Libro;2023;92,4
GASTO MEDIO POR HOGAR (Euros);Cataluña;Libro;2022;140,1
GASTO MEDIO POR HOGAR (Euros);Cataluña;Libro;2021;83,5
GASTO MEDIO POR HOGAR (Euros);Cataluña;Libro;2020;90,0
GASTO MEDIO POR HOGAR (Euros);Cataluña;Libro;2019;102,2
GASTO MEDIO POR HOGAR (Euros);Cataluña;Libro;2018;97,7
GASTO MEDIO POR HOGAR (Euros);Cataluña;Libro;2017;126,5
GASTO MEDIO POR HOGAR (Euros);Cataluña;Libro;2016;160,6
GASTO MEDIO POR HOGAR (Euros);Cataluña;Publicaciones periódicas;2023;12,4
GASTO MEDIO POR HOGAR (Euros);Cataluña;Publicaciones periódicas;2022;21,1
GASTO MEDIO POR HOGAR (Euros);Cataluña;Publicaciones periódicas;2021;23,1
GASTO MEDIO POR HOGAR (Euros);Cataluña;Publicaciones periódicas;2020;23,8
GASTO MEDIO POR HOGAR (Euros);Cataluña;Publicaciones periódicas;2019;31,2
GASTO MEDIO POR HOGAR (Euros);Cataluña;Publicaciones periódicas;2018;32,9
GASTO MEDIO POR HOGAR (Euros);Cataluña;Publicaciones periódicas;2017;39,4
GASTO MEDIO POR HOGAR (Euros);Cataluña;Publicaciones periódicas;2016;47,9
GASTO MEDIO POR HOGAR (Euros);Comunitat Valenciana;Libro;2023;64,4
GASTO MEDIO POR HOGAR (Euros);Comunitat Valenciana;Libro;2022;73,6
GASTO MEDIO POR HOGAR (Euros);Comunitat Valenciana;Libro;2021;79,8
GASTO MEDIO POR HOGAR (Euros);Comunitat Valenciana;Libro;2020;90,6
GASTO MEDIO POR HOGAR (Euros);Comunitat Valenciana;Libro;2019;92,1
GASTO MEDIO POR HOGAR (Euros);Comunitat Valenciana;Libro;2018;103,6
GASTO MEDIO POR HOGAR (Euros);Comunitat Valenciana;Libro;2017;95,2
GASTO MEDIO POR HOGAR (Euros);Comunitat Valenciana;Libro;2016;118,8
GASTO MEDIO POR HOGAR (Euros);Comunitat Valenciana;Publicaciones periódicas;2023;10,7
GASTO MEDIO POR HOGAR (Euros);Comunitat Valenciana;Publicaciones periódicas;2022;13,8
GASTO MEDIO POR HOGAR (Euros);Comunitat Valenciana;Publicaciones periódicas;2021;15,9
GASTO MEDIO POR HOGAR (Euros);Comunitat Valenciana;Publicaciones periódicas;2020;15,9
GASTO MEDIO POR HOGAR (Euros);Comunitat Valenciana;Publicaciones periódicas;2019;23,2
GASTO MEDIO POR HOGAR (Euros);Comunitat Valenciana;Publicaciones periódicas;2018;29,3
GASTO MEDIO POR HOGAR (Euros);Comunitat Valenciana;Publicaciones periódicas;2017;29,1
GASTO MEDIO POR HOGAR (Euros);Comunitat Valenciana;Publicaciones periódicas;2016;38,6
GASTO MEDIO POR HOGAR (Euros);Extremadura;Libro;2023;73,7
GASTO MEDIO POR HOGAR (Euros);Extremadura;Libro;2022;69,6
GASTO MEDIO POR HOGAR (Euros);Extremadura;Libro;2021;75,0
GASTO MEDIO POR HOGAR (Euros);Extremadura;Libro;2020;73,4
GASTO MEDIO POR HOGAR (Euros);Extremadura;Libro;2019;66,5
GASTO MEDIO POR HOGAR (Euros);Extremadura;Libro;2018;76,0
GASTO MEDIO POR HOGAR (Euros);Extremadura;Libro;2017;80,5
GASTO MEDIO POR HOGAR (Euros);Extremadura;Libro;2016;82,6
GASTO MEDIO POR HOGAR (Euros);Extremadura;Publicaciones periódicas;2023;8,0
GASTO MEDIO POR HOGAR (Euros);Extremadura;Publicaciones periódicas;2022;9,1
GASTO MEDIO POR HOGAR (Euros);Extremadura;Publicaciones periódicas;2021;20,9
GASTO MEDIO POR HOGAR (Euros);Extremadura;Publicaciones periódicas;2020;11,3
GASTO MEDIO POR HOGAR (Euros);Extremadura;Publicaciones periódicas;2019;15,9
GASTO MEDIO POR HOGAR (Euros);Extremadura;Publicaciones periódicas;2018;13,2
GASTO MEDIO POR HOGAR (Euros);Extremadura;Publicaciones periódicas;2017;15,5
GASTO MEDIO POR HOGAR (Euros);Extremadura;Publicaciones periódicas;2016;26,9
GASTO MEDIO POR HOGAR (Euros);Galicia;Libro;2023;105,9
GASTO MEDIO POR HOGAR (Euros);Galicia;Libro;2022;96,7
GASTO MEDIO POR HOGAR (Euros);Galicia;Libro;2021;109,8
GASTO MEDIO POR HOGAR (Euros);Galicia;Libro;2020;120,5
GASTO MEDIO POR HOGAR (Euros);Galicia;Libro;2019;88,5
GASTO MEDIO POR HOGAR (Euros);Galicia;Libro;2018;89,5
GASTO MEDIO POR HOGAR (Euros);Galicia;Libro;2017;77,7
GASTO MEDIO POR HOGAR (Euros);Galicia;Libro;2016;79,2
GASTO MEDIO POR HOGAR (Euros);Galicia;Publicaciones periódicas;2023;34,0
GASTO MEDIO POR HOGAR (Euros);Galicia;Publicaciones periódicas;2022;32,1
GASTO MEDIO POR HOGAR (Euros);Galicia;Publicaciones periódicas;2021;40,8
GASTO MEDIO POR HOGAR (Euros);Galicia;Publicaciones periódicas;2020;42,9
GASTO MEDIO POR HOGAR (Euros);Galicia;Publicaciones periódicas;2019;36,5
GASTO MEDIO POR HOGAR (Euros);Galicia;Publicaciones periódicas;2018;39,3
GASTO MEDIO POR HOGAR (Euros);Galicia;Publicaciones periódicas;2017;42,7
GASTO MEDIO POR HOGAR (Euros);Galicia;Publicaciones periódicas;2016;58,2
GASTO MEDIO POR HOGAR (Euros);Madrid (Comunidad de);Libro;2023;120,2
GASTO MEDIO POR HOGAR (Euros);Madrid (Comunidad de);Libro;2022;129,0
GASTO MEDIO POR HOGAR (Euros);Madrid (Comunidad de);Libro;2021;107,9
GASTO MEDIO POR HOGAR (Euros);Madrid (Comunidad de);Libro;2020;131,7
GASTO MEDIO POR HOGAR (Euros);Madrid (Comunidad de);Libro;2019;142,4
GASTO MEDIO POR HOGAR (Euros);Madrid (Comunidad de);Libro;2018;158,6
GASTO MEDIO POR HOGAR (Euros);Madrid (Comunidad de);Libro;2017;167,3
GASTO MEDIO POR HOGAR (Euros);Madrid (Comunidad de);Libro;2016;173,1
GASTO MEDIO POR HOGAR (Euros);Madrid (Comunidad de);Publicaciones periódicas;2023;16,3
GASTO MEDIO POR HOGAR (Euros);Madrid (Comunidad de);Publicaciones periódicas;2022;18,9
GASTO MEDIO POR HOGAR (Euros);Madrid (Comunidad de);Publicaciones periódicas;2021;24,6
GASTO MEDIO POR HOGAR (Euros);Madrid (Comunidad de);Publicaciones periódicas;2020;24,6
GASTO MEDIO POR HOGAR (Euros);Madrid (Comunidad de);Publicaciones periódicas;2019;37,4
GASTO MEDIO POR HOGAR (Euros);Madrid (Comunidad de);Publicaciones periódicas;2018;36,8
GASTO MEDIO POR HOGAR (Euros);Madrid (Comunidad de);Publicaciones periódicas;2017;44,5
GASTO MEDIO POR HOGAR (Euros);Madrid (Comunidad de);Publicaciones periódicas;2016;49,8
GASTO MEDIO POR HOGAR (Euros);Murcia (Región de);Libro;2023;120,2
GASTO MEDIO POR HOGAR (Euros);Murcia (Región de);Libro;2022;114,4
GASTO MEDIO POR HOGAR (Euros);Murcia (Región de);Libro;2021;101,4
GASTO MEDIO POR HOGAR (Euros);Murcia (Región de);Libro;2020;82,6
GASTO MEDIO POR HOGAR (Euros);Murcia (Región de);Libro;2019;154,1
GASTO MEDIO POR HOGAR (Euros);Murcia (Región de);Libro;2018;115,1
GASTO MEDIO POR HOGAR (Euros);Murcia (Región de);Libro;2017;140,1
GASTO MEDIO POR HOGAR (Euros);Murcia (Región de);Libro;2016;136,3
GASTO MEDIO POR HOGAR (Euros);Murcia (Región de);Publicaciones periódicas;2023;3,5
GASTO MEDIO POR HOGAR (Euros);Murcia (Región de);Publicaciones periódicas;2022;8,5
GASTO MEDIO POR HOGAR (Euros);Murcia (Región de);Publicaciones periódicas;2021;11,6
GASTO MEDIO POR HOGAR (Euros);Murcia (Región de);Publicaciones periódicas;2020;10,6
GASTO MEDIO POR HOGAR (Euros);Murcia (Región de);Publicaciones periódicas;2019;23,0
GASTO MEDIO POR HOGAR (Euros);Murcia (Región de);Publicaciones periódicas;2018;21,9
GASTO MEDIO POR HOGAR (Euros);Murcia (Región de);Publicaciones periódicas;2017;27,2
GASTO MEDIO POR HOGAR (Euros);Murcia (Región de);Publicaciones periódicas;2016;45,0
GASTO MEDIO POR HOGAR (Euros);Navarra (Comunidad Foral de);Libro;2023;66,4
GASTO MEDIO POR HOGAR (Euros);Navarra (Comunidad Foral de);Libro;2022;86,4
GASTO MEDIO POR HOGAR (Euros);Navarra (Comunidad Foral de);Libro;2021;76,3
GASTO MEDIO POR HOGAR (Euros);Navarra (Comunidad Foral de);Libro;2020;68,1
GASTO MEDIO POR HOGAR (Euros);Navarra (Comunidad Foral de);Libro;2019;97,6
GASTO MEDIO POR HOGAR (Euros);Navarra (Comunidad Foral de);Libro;2018;120,4
GASTO MEDIO POR HOGAR (Euros);Navarra (Comunidad Foral de);Libro;2017;112,3
GASTO MEDIO POR HOGAR (Euros);Navarra (Comunidad Foral de);Libro;2016;117,4
GASTO MEDIO POR HOGAR (Euros);Navarra (Comunidad Foral de);Publicaciones periódicas;2023;66,8
GASTO MEDIO POR HOGAR (Euros);Navarra (Comunidad Foral de);Publicaciones periódicas;2022;74,8
GASTO MEDIO POR HOGAR (Euros);Navarra (Comunidad Foral de);Publicaciones periódicas;2021;82,7
GASTO MEDIO POR HOGAR (Euros);Navarra (Comunidad Foral de);Publicaciones periódicas;2020;93,3
GASTO MEDIO POR HOGAR (Euros);Navarra (Comunidad Foral de);Publicaciones periódicas;2019;76,0
GASTO MEDIO POR HOGAR (Euros);Navarra (Comunidad Foral de);Publicaciones periódicas;2018;90,6
GASTO MEDIO POR HOGAR (Euros);Navarra (Comunidad Foral de);Publicaciones periódicas;2017;106,0
GASTO MEDIO POR HOGAR (Euros);Navarra (Comunidad Foral de);Publicaciones periódicas;2016;108,0
GASTO MEDIO POR HOGAR (Euros);País Vasco;Libro;2023;71,9
GASTO MEDIO POR HOGAR (Euros);País Vasco;Libro;2022;89,8
GASTO MEDIO POR HOGAR (Euros);País Vasco;Libro;2021;87,6
GASTO MEDIO POR HOGAR (Euros);País Vasco;Libro;2020;86,5
GASTO MEDIO POR HOGAR (Euros);País Vasco;Libro;2019;80,7
GASTO MEDIO POR HOGAR (Euros);País Vasco;Libro;2018;88,7
GASTO MEDIO POR HOGAR (Euros);País Vasco;Libro;2017;88,9
GASTO MEDIO POR HOGAR (Euros);País Vasco;Libro;2016;118,3
GASTO MEDIO POR HOGAR (Euros);País Vasco;Publicaciones periódicas;2023;71,2
GASTO MEDIO POR HOGAR (Euros);País Vasco;Publicaciones periódicas;2022;67,6
GASTO MEDIO POR HOGAR (Euros);País Vasco;Publicaciones periódicas;2021;82,2
GASTO MEDIO POR HOGAR (Euros);País Vasco;Publicaciones periódicas;2020;91,7
GASTO MEDIO POR HOGAR (Euros);País Vasco;Publicaciones periódicas;2019;84,6
GASTO MEDIO POR HOGAR (Euros);País Vasco;Publicaciones periódicas;2018;91,4
GASTO MEDIO POR HOGAR (Euros);País Vasco;Publicaciones periódicas;2017;115,0
GASTO MEDIO POR HOGAR (Euros);País Vasco;Publicaciones periódicas;2016;105,7
GASTO MEDIO POR HOGAR (Euros);Rioja (La);Libro;2023;110,3
GASTO MEDIO POR HOGAR (Euros);Rioja (La);Libro;2022;118,2
GASTO MEDIO POR HOGAR (Euros);Rioja (La);Libro;2021;102,7
GASTO MEDIO POR HOGAR (Euros);Rioja (La);Libro;2020;130,7
GASTO MEDIO POR HOGAR (Euros);Rioja (La);Libro;2019;156,2
GASTO MEDIO POR HOGAR (Euros);Rioja (La);Libro;2018;121,3
GASTO MEDIO POR HOGAR (Euros);Rioja (La);Libro;2017;118,0
GASTO MEDIO POR HOGAR (Euros);Rioja (La);Libro;2016;118,3
GASTO MEDIO POR HOGAR (Euros);Rioja (La);Publicaciones periódicas;2023;24,3
GASTO MEDIO POR HOGAR (Euros);Rioja (La);Publicaciones periódicas;2022;24,9
GASTO MEDIO POR HOGAR (Euros);Rioja (La);Publicaciones periódicas;2021;33,4
GASTO MEDIO POR HOGAR (Euros);Rioja (La);Publicaciones periódicas;2020;35,4
GASTO MEDIO POR HOGAR (Euros);Rioja (La);Publicaciones periódicas;2019;38,9
GASTO MEDIO POR HOGAR (Euros);Rioja (La);Publicaciones periódicas;2018;44,7
GASTO MEDIO POR HOGAR (Euros);Rioja (La);Publicaciones periódicas;2017;44,2
GASTO MEDIO POR HOGAR (Euros);Rioja (La);Publicaciones periódicas;2016;55,3
GASTO MEDIO POR HOGAR (Euros);Ceuta y Melilla;Libro;2023;..
GASTO MEDIO POR HOGAR (Euros);Ceuta y Melilla;Libro;2022;..
GASTO MEDIO POR HOGAR (Euros);Ceuta y Melilla;Libro;2021;..
GASTO MEDIO POR HOGAR (Euros);Ceuta y Melilla;Libro;2020;..
GASTO MEDIO POR HOGAR (Euros);Ceuta y Melilla;Libro;2019;..
GASTO MEDIO POR HOGAR (Euros);Ceuta y Melilla;Libro;2018;..
GASTO MEDIO POR HOGAR (Euros);Ceuta y Melilla;Libro;2017;..
GASTO MEDIO POR HOGAR (Euros);Ceuta y Melilla;Libro;2016;..
GASTO MEDIO POR HOGAR (Euros);Ceuta y Melilla;Publicaciones periódicas;2023;..
GASTO MEDIO POR HOGAR (Euros);Ceuta y Melilla;Publicaciones periódicas;2022;..
GASTO MEDIO POR HOGAR (Euros);Ceuta y Melilla;Publicaciones periódicas;2021;..
GASTO MEDIO POR HOGAR (Euros);Ceuta y Melilla;Publicaciones periódicas;2020;..
GASTO MEDIO POR HOGAR (Euros);Ceuta y Melilla;Publicaciones periódicas;2019;..
GASTO MEDIO POR HOGAR (Euros);Ceuta y Melilla;Publicaciones periódicas;2018;..
GASTO MEDIO POR HOGAR (Euros);Ceuta y Melilla;Publicaciones periódicas;2017;..
GASTO MEDIO POR HOGAR (Euros);Ceuta y Melilla;Publicaciones periódicas;2016;..
GASTO MEDIO POR UNIDAD DE CONSUMO (Euros);Andalucía;Libro;2023;31,6
GASTO MEDIO POR UNIDAD DE CONSUMO (Euros);Andalucía;Libro;2022;27,1
GASTO MEDIO POR UNIDAD DE CONSUMO (Euros);Andalucía;Libro;2021;34,9
GASTO MEDIO POR UNIDAD DE CONSUMO (Euros);Andalucía;Libro;2020;25,9
GASTO MEDIO POR UNIDAD DE CONSUMO (Euros);Andalucía;Libro;2019;27,6
GASTO MEDIO POR UNIDAD DE CONSUMO (Euros);Andalucía;Libro;2018;35,4
GASTO MEDIO POR UNIDAD DE CONSUMO (Euros);Andalucía;Libro;2017;35,5
GASTO MEDIO POR UNIDAD DE CONSUMO (Euros);Andalucía;Libro;2016;44,2
GASTO MEDIO POR UNIDAD DE CONSUMO (Euros);Andalucía;Publicaciones periódicas;2023;7,1
GASTO MEDIO POR UNIDAD DE CONSUMO (Euros);Andalucía;Publicaciones periódicas;2022;5,5
GASTO MEDIO POR UNIDAD DE CONSUMO (Euros);Andalucía;Publicaciones periódicas;2021;7,6
GASTO MEDIO POR UNIDAD DE CONSUMO (Euros);Andalucía;Publicaciones periódicas;2020;7,3
GASTO MEDIO POR UNIDAD DE CONSUMO (Euros);Andalucía;Publicaciones periódicas;2019;10,0
GASTO MEDIO POR UNIDAD DE CONSUMO (Euros);Andalucía;Publicaciones periódicas;2018;12,3
GASTO MEDIO POR UNIDAD DE CONSUMO (Euros);Andalucía;Publicaciones periódicas;2017;11,8
GASTO MEDIO POR UNIDAD DE CONSUMO (Euros);Andalucía;Publicaciones periódicas;2016;14,6
GASTO MEDIO POR UNIDAD DE CONSUMO (Euros);Aragón;Libro;2023;66,0
GASTO MEDIO POR UNIDAD DE CONSUMO (Euros);Aragón;Libro;2022;77,3
GASTO MEDIO POR UNIDAD DE CONSUMO (Euros);Aragón;Libro;2021;51,5
GASTO MEDIO POR UNIDAD DE CONSUMO (Euros);Aragón;Libro;2020;71,8
GASTO MEDIO POR UNIDAD DE CONSUMO (Euros);Aragón;Libro;2019;60,8
GASTO MEDIO POR UNIDAD DE CONSUMO (Euros);Aragón;Libro;2018;63,7
GASTO MEDIO POR UNIDAD DE CONSUMO (Euros);Aragón;Libro;2017;69,0
GASTO MEDIO POR UNIDAD DE CONSUMO (Euros);Aragón;Libro;2016;69,9
GASTO MEDIO POR UNIDAD DE CONSUMO (Euros);Aragón;Publicaciones periódicas;2023;20,1
GASTO MEDIO POR UNIDAD DE CONSUMO (Euros);Aragón;Publicaciones periódicas;2022;19,3
GASTO MEDIO POR UNIDAD DE CONSUMO (Euros);Aragón;Publicaciones periódicas;2021;18,4
GASTO MEDIO POR UNIDAD DE CONSUMO (Euros);Aragón;Publicaciones periódicas;2020;25,0
GASTO MEDIO POR UNIDAD DE CONSUMO (Euros);Aragón;Publicaciones periódicas;2019;26,9
GASTO MEDIO POR UNIDAD DE CONSUMO (Euros);Aragón;Publicaciones periódicas;2018;27,6
GASTO MEDIO POR UNIDAD DE CONSUMO (Euros);Aragón;Publicaciones periódicas;2017;29,7
GASTO MEDIO POR UNIDAD DE CONSUMO (Euros);Aragón;Publicaciones periódicas;2016;34,5
GASTO MEDIO POR UNIDAD DE CONSUMO (Euros);Asturias (Principado de);Libro;2023;58,8
GASTO MEDIO POR UNIDAD DE CONSUMO (Euros);Asturias (Principado de);Libro;2022;77,7
GASTO MEDIO POR UNIDAD DE CONSUMO (Euros);Asturias (Principado de);Libro;2021;45,0
GASTO MEDIO POR UNIDAD DE CONSUMO (Euros);Asturias (Principado de);Libro;2020;33,9
GASTO MEDIO POR UNIDAD DE CONSUMO (Euros);Asturias (Principado de);Libro;2019;44,9
GASTO MEDIO POR UNIDAD DE CONSUMO (Euros);Asturias (Principado de);Libro;2018;48,9
GASTO MEDIO POR UNIDAD DE CONSUMO (Euros);Asturias (Principado de);Libro;2017;65,0
GASTO MEDIO POR UNIDAD DE CONSUMO (Euros);Asturias (Principado de);Libro;2016;72,3
GASTO MEDIO POR UNIDAD DE CONSUMO (Euros);Asturias (Principado de);Publicaciones periódicas;2023;21,3
GASTO MEDIO POR UNIDAD DE CONSUMO (Euros);Asturias (Principado de);Publicaciones periódicas;2022;20,1
GASTO MEDIO POR UNIDAD DE CONSUMO (Euros);Asturias (Principado de);Publicaciones periódicas;2021;31,5
GASTO MEDIO POR UNIDAD DE CONSUMO (Euros);Asturias (Principado de);Publicaciones periódicas;2020;20,4
GASTO MEDIO POR UNIDAD DE CONSUMO (Euros);Asturias (Principado de);Publicaciones periódicas;2019;29,7
GASTO MEDIO POR UNIDAD DE CONSUMO (Euros);Asturias (Principado de);Publicaciones periódicas;2018;36,8
GASTO MEDIO POR UNIDAD DE CONSUMO (Euros);Asturias (Principado de);Publicaciones periódicas;2017;42,0
GASTO MEDIO POR UNIDAD DE CONSUMO (Euros);Asturias (Principado de);Publicaciones periódicas;2016;42,4
GASTO MEDIO POR UNIDAD DE CONSUMO (Euros);Balears (Illes);Libro;2023;25,6
GASTO MEDIO POR UNIDAD DE CONSUMO (Euros);Balears (Illes);Libro;2022;94,6
GASTO MEDIO POR UNIDAD DE CONSUMO (Euros);Balears (Illes);Libro;2021;64,8
GASTO MEDIO POR UNIDAD DE CONSUMO (Euros);Balears (Illes);Libro;2020;51,0
GASTO MEDIO POR UNIDAD DE CONSUMO (Euros);Balears (Illes);Libro;2019;74,8
GASTO MEDIO POR UNIDAD DE CONSUMO (Euros);Balears (Illes);Libro;2018;63,8
GASTO MEDIO POR UNIDAD DE CONSUMO (Euros);Balears (Illes);Libro;2017;60,0
GASTO MEDIO POR UNIDAD DE CONSUMO (Euros);Balears (Illes);Libro;2016;77,5
GASTO MEDIO POR UNIDAD DE CONSUMO (Euros);Balears (Illes);Publicaciones periódicas;2023;13,2
GASTO MEDIO POR UNIDAD DE CONSUMO (Euros);Balears (Illes);Publicaciones periódicas;2022;14,6
GASTO MEDIO POR UNIDAD DE CONSUMO (Euros);Balears (Illes);Publicaciones periódicas;2021;9,5
GASTO MEDIO POR UNIDAD DE CONSUMO (Euros);Balears (Illes);Publicaciones periódicas;2020;7,4
GASTO MEDIO POR UNIDAD DE CONSUMO (Euros);Balears (Illes);Publicaciones periódicas;2019;13,1
GASTO MEDIO POR UNIDAD DE CONSUMO (Euros);Balears (Illes);Publicaciones periódicas;2018;28,5
GASTO MEDIO POR UNIDAD DE CONSUMO (Euros);Balears (Illes);Publicaciones periódicas;2017;25,5
GASTO MEDIO POR UNIDAD DE CONSUMO (Euros);Balears (Illes);Publicaciones periódicas;2016;30,2
GASTO MEDIO POR UNIDAD DE CONSUMO (Euros);Canarias;Libro;2023;42,4
GASTO MEDIO POR UNIDAD DE CONSUMO (Euros);Canarias;Libro;2022;29,0
GASTO MEDIO POR UNIDAD DE CONSUMO (Euros);Canarias;Libro;2021;33,7
GASTO MEDIO POR UNIDAD DE CONSUMO (Euros);Canarias;Libro;2020;28,3
GASTO MEDIO POR UNIDAD DE CONSUMO (Euros);Canarias;Libro;2019;40,1
GASTO MEDIO POR UNIDAD DE CONSUMO (Euros);Canarias;Libro;2018;48,1
GASTO MEDIO POR UNIDAD DE CONSUMO (Euros);Canarias;Libro;2017;42,6
GASTO MEDIO POR UNIDAD DE CONSUMO (Euros);Canarias;Libro;2016;66,0
GASTO MEDIO POR UNIDAD DE CONSUMO (Euros);Canarias;Publicaciones periódicas;2023;4,6
GASTO MEDIO POR UNIDAD DE CONSUMO (Euros);Canarias;Publicaciones periódicas;2022;5,7
GASTO MEDIO POR UNIDAD DE CONSUMO (Euros);Canarias;Publicaciones periódicas;2021;7,3
GASTO MEDIO POR UNIDAD DE CONSUMO (Euros);Canarias;Publicaciones periódicas;2020;4,5
GASTO MEDIO POR UNIDAD DE CONSUMO (Euros);Canarias;Publicaciones periódicas;2019;6,5
GASTO MEDIO POR UNIDAD DE CONSUMO (Euros);Canarias;Publicaciones periódicas;2018;10,2
GASTO MEDIO POR UNIDAD DE CONSUMO (Euros);Canarias;Publicaciones periódicas;2017;11,8
GASTO MEDIO POR UNIDAD DE CONSUMO (Euros);Canarias;Publicaciones periódicas;2016;17,0
GASTO MEDIO POR UNIDAD DE CONSUMO (Euros);Cantabria;Libro;2023;41,5
GASTO MEDIO POR UNIDAD DE CONSUMO (Euros);Cantabria;Libro;2022;28,2
GASTO MEDIO POR UNIDAD DE CONSUMO (Euros);Cantabria;Libro;2021;35,6
GASTO MEDIO POR UNIDAD DE CONSUMO (Euros);Cantabria;Libro;2020;29,8
GASTO MEDIO POR UNIDAD DE CONSUMO (Euros);Cantabria;Libro;2019;52,2
GASTO MEDIO POR UNIDAD DE CONSUMO (Euros);Cantabria;Libro;2018;45,7
GASTO MEDIO POR UNIDAD DE CONSUMO (Euros);Cantabria;Libro;2017;56,1
GASTO MEDIO POR UNIDAD DE CONSUMO (Euros);Cantabria;Libro;2016;58,6
GASTO MEDIO POR UNIDAD DE CONSUMO (Euros);Cantabria;Publicaciones periódicas;2023;26,6
GASTO MEDIO POR UNIDAD DE CONSUMO (Euros);Cantabria;Publicaciones periódicas;2022;27,2
GASTO MEDIO POR UNIDAD DE CONSUMO (Euros);Cantabria;Publicaciones periódicas;2021;25,1
GASTO MEDIO POR UNIDAD DE CONSUMO (Euros);Cantabria;Publicaciones periódicas;2020;26,3
GASTO MEDIO POR UNIDAD DE CONSUMO (Euros);Cantabria;Publicaciones periódicas;2019;31,7
GASTO MEDIO POR UNIDAD DE CONSUMO (Euros);Cantabria;Publicaciones periódicas;2018;37,8
GASTO MEDIO POR UNIDAD DE CONSUMO (Euros);Cantabria;Publicaciones periódicas;2017;44,0
GASTO MEDIO POR UNIDAD DE CONSUMO (Euros);Cantabria;Publicaciones periódicas;2016;47,5
GASTO MEDIO POR UNIDAD DE CONSUMO (Euros);Castilla y León;Libro;2023;56,9
GASTO MEDIO POR UNIDAD DE CONSUMO (Euros);Castilla y León;Libro;2022;73,9
GASTO MEDIO POR UNIDAD DE CONSUMO (Euros);Castilla y León;Libro;2021;90,3
GASTO MEDIO POR UNIDAD DE CONSUMO (Euros);Castilla y León;Libro;2020;72,4
GASTO MEDIO POR UNIDAD DE CONSUMO (Euros);Castilla y León;Libro;2019;65,0
GASTO MEDIO POR UNIDAD DE CONSUMO (Euros);Castilla y León;Libro;2018;71,7
GASTO MEDIO POR UNIDAD DE CONSUMO (Euros);Castilla y León;Libro;2017;77,9
GASTO MEDIO POR UNIDAD DE CONSUMO (Euros);Castilla y León;Libro;2016;87,5
GASTO MEDIO POR UNIDAD DE CONSUMO (Euros);Castilla y León;Publicaciones periódicas;2023;18,3
GASTO MEDIO POR UNIDAD DE CONSUMO (Euros);Castilla y León;Publicaciones periódicas;2022;17,0
GASTO MEDIO POR UNIDAD DE CONSUMO (Euros);Castilla y León;Publicaciones periódicas;2021;31,7
GASTO MEDIO POR UNIDAD DE CONSUMO (Euros);Castilla y León;Publicaciones periódicas;2020;26,7
GASTO MEDIO POR UNIDAD DE CONSUMO (Euros);Castilla y León;Publicaciones periódicas;2019;22,5
GASTO MEDIO POR UNIDAD DE CONSUMO (Euros);Castilla y León;Publicaciones periódicas;2018;23,8
GASTO MEDIO POR UNIDAD DE CONSUMO (Euros);Castilla y León;Publicaciones periódicas;2017;29,2
GASTO MEDIO POR UNIDAD DE CONSUMO (Euros);Castilla y León;Publicaciones periódicas;2016;28,7
GASTO MEDIO POR UNIDAD DE CONSUMO (Euros);Castilla-La Mancha;Libro;2023;49,0
GASTO MEDIO POR UNIDAD DE CONSUMO (Euros);Castilla-La Mancha;Libro;2022;45,0
GASTO MEDIO POR UNIDAD DE CONSUMO (Euros);Castilla-La Mancha;Libro;2021;37,8
GASTO MEDIO POR UNIDAD DE CONSUMO (Euros);Castilla-La Mancha;Libro;2020;46,1
GASTO MEDIO POR UNIDAD DE CONSUMO (Euros);Castilla-La Mancha;Libro;2019;53,4
GASTO MEDIO POR UNIDAD DE CONSUMO (Euros);Castilla-La Mancha;Libro;2018;59,5
GASTO MEDIO POR UNIDAD DE CONSUMO (Euros);Castilla-La Mancha;Libro;2017;48,8
GASTO MEDIO POR UNIDAD DE CONSUMO (Euros);Castilla-La Mancha;Libro;2016;63,3
GASTO MEDIO POR UNIDAD DE CONSUMO (Euros);Castilla-La Mancha;Publicaciones periódicas;2023;5,2
GASTO MEDIO POR UNIDAD DE CONSUMO (Euros);Castilla-La Mancha;Publicaciones periódicas;2022;5,6
GASTO MEDIO POR UNIDAD DE CONSUMO (Euros);Castilla-La Mancha;Publicaciones periódicas;2021;7,3
GASTO MEDIO POR UNIDAD DE CONSUMO (Euros);Castilla-La Mancha;Publicaciones periódicas;2020;18,3
GASTO MEDIO POR UNIDAD DE CONSUMO (Euros);Castilla-La Mancha;Publicaciones periódicas;2019;8,4
GASTO MEDIO POR UNIDAD DE CONSUMO (Euros);Castilla-La Mancha;Publicaciones periódicas;2018;8,6
GASTO MEDIO POR UNIDAD DE CONSUMO (Euros);Castilla-La Mancha;Publicaciones periódicas;2017;9,5
GASTO MEDIO POR UNIDAD DE CONSUMO (Euros);Castilla-La Mancha;Publicaciones periódicas;2016;12,5
GASTO MEDIO POR UNIDAD DE CONSUMO (Euros);Cataluña;Libro;2023;54,3
GASTO MEDIO POR UNIDAD DE CONSUMO (Euros);Cataluña;Libro;2022;84,2
GASTO MEDIO POR UNIDAD DE CONSUMO (Euros);Cataluña;Libro;2021;50,0
GASTO MEDIO POR UNIDAD DE CONSUMO (Euros);Cataluña;Libro;2020;54,0
GASTO MEDIO POR UNIDAD DE CONSUMO (Euros);Cataluña;Libro;2019;61,6
GASTO MEDIO POR UNIDAD DE CONSUMO (Euros);Cataluña;Libro;2018;58,9
GASTO MEDIO POR UNIDAD DE CONSUMO (Euros);Cataluña;Libro;2017;76,2
GASTO MEDIO POR UNIDAD DE CONSUMO (Euros);Cataluña;Libro;2016;96,5
GASTO MEDIO POR UNIDAD DE CONSUMO (Euros);Cataluña;Publicaciones periódicas;2023;7,3
GASTO MEDIO POR UNIDAD DE CONSUMO (Euros);Cataluña;Publicaciones periódicas;2022;12,7
GASTO MEDIO POR UNIDAD DE CONSUMO (Euros);Cataluña;Publicaciones periódicas;2021;13,8
GASTO MEDIO POR UNIDAD DE CONSUMO (Euros);Cataluña;Publicaciones periódicas;2020;14,3
GASTO MEDIO POR UNIDAD DE CONSUMO (Euros);Cataluña;Publicaciones periódicas;2019;18,8
GASTO MEDIO POR UNIDAD DE CONSUMO (Euros);Cataluña;Publicaciones periódicas;2018;19,8
GASTO MEDIO POR UNIDAD DE CONSUMO (Euros);Cataluña;Publicaciones periódicas;2017;23,7
GASTO MEDIO POR UNIDAD DE CONSUMO (Euros);Cataluña;Publicaciones periódicas;2016;28,8
GASTO MEDIO POR UNIDAD DE CONSUMO (Euros);Comunitat Valenciana;Libro;2023;38,7
GASTO MEDIO POR UNIDAD DE CONSUMO (Euros);Comunitat Valenciana;Libro;2022;44,4
GASTO MEDIO POR UNIDAD DE CONSUMO (Euros);Comunitat Valenciana;Libro;2021;48,0
GASTO MEDIO POR UNIDAD DE CONSUMO (Euros);Comunitat Valenciana;Libro;2020;54,3
GASTO MEDIO POR UNIDAD DE CONSUMO (Euros);Comunitat Valenciana;Libro;2019;55,2
GASTO MEDIO POR UNIDAD DE CONSUMO (Euros);Comunitat Valenciana;Libro;2018;62,2
GASTO MEDIO POR UNIDAD DE CONSUMO (Euros);Comunitat Valenciana;Libro;2017;57,3
GASTO MEDIO POR UNIDAD DE CONSUMO (Euros);Comunitat Valenciana;Libro;2016;71,7
GASTO MEDIO POR UNIDAD DE CONSUMO (Euros);Comunitat Valenciana;Publicaciones periódicas;2023;6,5
GASTO MEDIO POR UNIDAD DE CONSUMO (Euros);Comunitat Valenciana;Publicaciones periódicas;2022;8,3
GASTO MEDIO POR UNIDAD DE CONSUMO (Euros);Comunitat Valenciana;Publicaciones periódicas;2021;9,6
GASTO MEDIO POR UNIDAD DE CONSUMO (Euros);Comunitat Valenciana;Publicaciones periódicas;2020;9,5
GASTO MEDIO POR UNIDAD DE CONSUMO (Euros);Comunitat Valenciana;Publicaciones periódicas;2019;13,9
GASTO MEDIO POR UNIDAD DE CONSUMO (Euros);Comunitat Valenciana;Publicaciones periódicas;2018;17,6
GASTO MEDIO POR UNIDAD DE CONSUMO (Euros);Comunitat Valenciana;Publicaciones periódicas;2017;17,5
GASTO MEDIO POR UNIDAD DE CONSUMO (Euros);Comunitat Valenciana;Publicaciones periódicas;2016;23,3
GASTO MEDIO POR UNIDAD DE CONSUMO (Euros);Extremadura;Libro;2023;45,2
GASTO MEDIO POR UNIDAD DE CONSUMO (Euros);Extremadura;Libro;2022;42,4
GASTO MEDIO POR UNIDAD DE CONSUMO (Euros);Extremadura;Libro;2021;45,5
GASTO MEDIO POR UNIDAD DE CONSUMO (Euros);Extremadura;Libro;2020;44,4
GASTO MEDIO POR UNIDAD DE CONSUMO (Euros);Extremadura;Libro;2019;40,0
GASTO MEDIO POR UNIDAD DE CONSUMO (Euros);Extremadura;Libro;2018;45,5
GASTO MEDIO POR UNIDAD DE CONSUMO (Euros);Extremadura;Libro;2017;48,0
GASTO MEDIO POR UNIDAD DE CONSUMO (Euros);Extremadura;Libro;2016;49,3
GASTO MEDIO POR UNIDAD DE CONSUMO (Euros);Extremadura;Publicaciones periódicas;2023;4,9
GASTO MEDIO POR UNIDAD DE CONSUMO (Euros);Extremadura;Publicaciones periódicas;2022;5,5
GASTO MEDIO POR UNIDAD DE CONSUMO (Euros);Extremadura;Publicaciones periódicas;2021;12,7
GASTO MEDIO POR UNIDAD DE CONSUMO (Euros);Extremadura;Publicaciones periódicas;2020;6,8
GASTO MEDIO POR UNIDAD DE CONSUMO (Euros);Extremadura;Publicaciones periódicas;2019;9,5
GASTO MEDIO POR UNIDAD DE CONSUMO (Euros);Extremadura;Publicaciones periódicas;2018;7,9
GASTO MEDIO POR UNIDAD DE CONSUMO (Euros);Extremadura;Publicaciones periódicas;2017;9,3
GASTO MEDIO POR UNIDAD DE CONSUMO (Euros);Extremadura;Publicaciones periódicas;2016;16,1
GASTO MEDIO POR UNIDAD DE CONSUMO (Euros);Galicia;Libro;2023;64,0
GASTO MEDIO POR UNIDAD DE CONSUMO (Euros);Galicia;Libro;2022;58,6
GASTO MEDIO POR UNIDAD DE CONSUMO (Euros);Galicia;Libro;2021;66,3
GASTO MEDIO POR UNIDAD DE CONSUMO (Euros);Galicia;Libro;2020;72,4
GASTO MEDIO POR UNIDAD DE CONSUMO (Euros);Galicia;Libro;2019;53,0
GASTO MEDIO POR UNIDAD DE CONSUMO (Euros);Galicia;Libro;2018;53,5
GASTO MEDIO POR UNIDAD DE CONSUMO (Euros);Galicia;Libro;2017;46,2
GASTO MEDIO POR UNIDAD DE CONSUMO (Euros);Galicia;Libro;2016;47,0
GASTO MEDIO POR UNIDAD DE CONSUMO (Euros);Galicia;Publicaciones periódicas;2023;20,6
GASTO MEDIO POR UNIDAD DE CONSUMO (Euros);Galicia;Publicaciones periódicas;2022;19,5
GASTO MEDIO POR UNIDAD DE CONSUMO (Euros);Galicia;Publicaciones periódicas;2021;24,6
GASTO MEDIO POR UNIDAD DE CONSUMO (Euros);Galicia;Publicaciones periódicas;2020;25,8
GASTO MEDIO POR UNIDAD DE CONSUMO (Euros);Galicia;Publicaciones periódicas;2019;21,9
GASTO MEDIO POR UNIDAD DE CONSUMO (Euros);Galicia;Publicaciones periódicas;2018;23,5
GASTO MEDIO POR UNIDAD DE CONSUMO (Euros);Galicia;Publicaciones periódicas;2017;25,4
GASTO MEDIO POR UNIDAD DE CONSUMO (Euros);Galicia;Publicaciones periódicas;2016;34,5
GASTO MEDIO POR UNIDAD DE CONSUMO (Euros);Madrid (Comunidad de);Libro;2023;70,1
GASTO MEDIO POR UNIDAD DE CONSUMO (Euros);Madrid (Comunidad de);Libro;2022;76,0
GASTO MEDIO POR UNIDAD DE CONSUMO (Euros);Madrid (Comunidad de);Libro;2021;63,4
GASTO MEDIO POR UNIDAD DE CONSUMO (Euros);Madrid (Comunidad de);Libro;2020;77,7
GASTO MEDIO POR UNIDAD DE CONSUMO (Euros);Madrid (Comunidad de);Libro;2019;84,5
GASTO MEDIO POR UNIDAD DE CONSUMO (Euros);Madrid (Comunidad de);Libro;2018;94,9
GASTO MEDIO POR UNIDAD DE CONSUMO (Euros);Madrid (Comunidad de);Libro;2017;100,2
GASTO MEDIO POR UNIDAD DE CONSUMO (Euros);Madrid (Comunidad de);Libro;2016;103,7
GASTO MEDIO POR UNIDAD DE CONSUMO (Euros);Madrid (Comunidad de);Publicaciones periódicas;2023;9,5
GASTO MEDIO POR UNIDAD DE CONSUMO (Euros);Madrid (Comunidad de);Publicaciones periódicas;2022;11,2
GASTO MEDIO POR UNIDAD DE CONSUMO (Euros);Madrid (Comunidad de);Publicaciones periódicas;2021;14,5
GASTO MEDIO POR UNIDAD DE CONSUMO (Euros);Madrid (Comunidad de);Publicaciones periódicas;2020;14,5
GASTO MEDIO POR UNIDAD DE CONSUMO (Euros);Madrid (Comunidad de);Publicaciones periódicas;2019;22,2
GASTO MEDIO POR UNIDAD DE CONSUMO (Euros);Madrid (Comunidad de);Publicaciones periódicas;2018;22,0
GASTO MEDIO POR UNIDAD DE CONSUMO (Euros);Madrid (Comunidad de);Publicaciones periódicas;2017;26,6
GASTO MEDIO POR UNIDAD DE CONSUMO (Euros);Madrid (Comunidad de);Publicaciones periódicas;2016;29,8
GASTO MEDIO POR UNIDAD DE CONSUMO (Euros);Murcia (Región de);Libro;2023;66,9
GASTO MEDIO POR UNIDAD DE CONSUMO (Euros);Murcia (Región de);Libro;2022;64,4
GASTO MEDIO POR UNIDAD DE CONSUMO (Euros);Murcia (Región de);Libro;2021;56,9
GASTO MEDIO POR UNIDAD DE CONSUMO (Euros);Murcia (Región de);Libro;2020;46,2
GASTO MEDIO POR UNIDAD DE CONSUMO (Euros);Murcia (Región de);Libro;2019;86,6
GASTO MEDIO POR UNIDAD DE CONSUMO (Euros);Murcia (Región de);Libro;2018;64,8
GASTO MEDIO POR UNIDAD DE CONSUMO (Euros);Murcia (Región de);Libro;2017;79,1
GASTO MEDIO POR UNIDAD DE CONSUMO (Euros);Murcia (Región de);Libro;2016;76,9
GASTO MEDIO POR UNIDAD DE CONSUMO (Euros);Murcia (Región de);Publicaciones periódicas;2023;1,9
GASTO MEDIO POR UNIDAD DE CONSUMO (Euros);Murcia (Región de);Publicaciones periódicas;2022;4,8
GASTO MEDIO POR UNIDAD DE CONSUMO (Euros);Murcia (Región de);Publicaciones periódicas;2021;6,5
GASTO MEDIO POR UNIDAD DE CONSUMO (Euros);Murcia (Región de);Publicaciones periódicas;2020;6,0
GASTO MEDIO POR UNIDAD DE CONSUMO (Euros);Murcia (Región de);Publicaciones periódicas;2019;13,0
GASTO MEDIO POR UNIDAD DE CONSUMO (Euros);Murcia (Región de);Publicaciones periódicas;2018;12,3
GASTO MEDIO POR UNIDAD DE CONSUMO (Euros);Murcia (Región de);Publicaciones periódicas;2017;15,3
GASTO MEDIO POR UNIDAD DE CONSUMO (Euros);Murcia (Región de);Publicaciones periódicas;2016;25,4
GASTO MEDIO POR UNIDAD DE CONSUMO (Euros);Navarra (Comunidad Foral de);Libro;2023;39,3
GASTO MEDIO POR UNIDAD DE CONSUMO (Euros);Navarra (Comunidad Foral de);Libro;2022;51,7
GASTO MEDIO POR UNIDAD DE CONSUMO (Euros);Navarra (Comunidad Foral de);Libro;2021;45,5
GASTO MEDIO POR UNIDAD DE CONSUMO (Euros);Navarra (Comunidad Foral de);Libro;2020;40,6
GASTO MEDIO POR UNIDAD DE CONSUMO (Euros);Navarra (Comunidad Foral de);Libro;2019;58,3
GASTO MEDIO POR UNIDAD DE CONSUMO (Euros);Navarra (Comunidad Foral de);Libro;2018;72,3
GASTO MEDIO POR UNIDAD DE CONSUMO (Euros);Navarra (Comunidad Foral de);Libro;2017;67,5
GASTO MEDIO POR UNIDAD DE CONSUMO (Euros);Navarra (Comunidad Foral de);Libro;2016;70,6
GASTO MEDIO POR UNIDAD DE CONSUMO (Euros);Navarra (Comunidad Foral de);Publicaciones periódicas;2023;39,5
GASTO MEDIO POR UNIDAD DE CONSUMO (Euros);Navarra (Comunidad Foral de);Publicaciones periódicas;2022;44,7
GASTO MEDIO POR UNIDAD DE CONSUMO (Euros);Navarra (Comunidad Foral de);Publicaciones periódicas;2021;49,3
GASTO MEDIO POR UNIDAD DE CONSUMO (Euros);Navarra (Comunidad Foral de);Publicaciones periódicas;2020;55,6
GASTO MEDIO POR UNIDAD DE CONSUMO (Euros);Navarra (Comunidad Foral de);Publicaciones periódicas;2019;45,4
GASTO MEDIO POR UNIDAD DE CONSUMO (Euros);Navarra (Comunidad Foral de);Publicaciones periódicas;2018;54,4
GASTO MEDIO POR UNIDAD DE CONSUMO (Euros);Navarra (Comunidad Foral de);Publicaciones periódicas;2017;63,7
GASTO MEDIO POR UNIDAD DE CONSUMO (Euros);Navarra (Comunidad Foral de);Publicaciones periódicas;2016;64,9
GASTO MEDIO POR UNIDAD DE CONSUMO (Euros);País Vasco;Libro;2023;44,6
GASTO MEDIO POR UNIDAD DE CONSUMO (Euros);País Vasco;Libro;2022;55,5
GASTO MEDIO POR UNIDAD DE CONSUMO (Euros);País Vasco;Libro;2021;53,9
GASTO MEDIO POR UNIDAD DE CONSUMO (Euros);País Vasco;Libro;2020;53,1
GASTO MEDIO POR UNIDAD DE CONSUMO (Euros);País Vasco;Libro;2019;49,6
GASTO MEDIO POR UNIDAD DE CONSUMO (Euros);País Vasco;Libro;2018;54,5
GASTO MEDIO POR UNIDAD DE CONSUMO (Euros);País Vasco;Libro;2017;54,6
GASTO MEDIO POR UNIDAD DE CONSUMO (Euros);País Vasco;Libro;2016;72,7
GASTO MEDIO POR UNIDAD DE CONSUMO (Euros);País Vasco;Publicaciones periódicas;2023;44,1
GASTO MEDIO POR UNIDAD DE CONSUMO (Euros);País Vasco;Publicaciones periódicas;2022;41,7
GASTO MEDIO POR UNIDAD DE CONSUMO (Euros);País Vasco;Publicaciones periódicas;2021;50,6
GASTO MEDIO POR UNIDAD DE CONSUMO (Euros);País Vasco;Publicaciones periódicas;2020;56,3
GASTO MEDIO POR UNIDAD DE CONSUMO (Euros);País Vasco;Publicaciones periódicas;2019;52,0
GASTO MEDIO POR UNIDAD DE CONSUMO (Euros);País Vasco;Publicaciones periódicas;2018;56,2
GASTO MEDIO POR UNIDAD DE CONSUMO (Euros);País Vasco;Publicaciones periódicas;2017;70,6
GASTO MEDIO POR UNIDAD DE CONSUMO (Euros);País Vasco;Publicaciones periódicas;2016;64,9
GASTO MEDIO POR UNIDAD DE CONSUMO (Euros);Rioja (La);Libro;2023;67,9
GASTO MEDIO POR UNIDAD DE CONSUMO (Euros);Rioja (La);Libro;2022;73,1
GASTO MEDIO POR UNIDAD DE CONSUMO (Euros);Rioja (La);Libro;2021;63,4
GASTO MEDIO POR UNIDAD DE CONSUMO (Euros);Rioja (La);Libro;2020;80,2
GASTO MEDIO POR UNIDAD DE CONSUMO (Euros);Rioja (La);Libro;2019;95,8
GASTO MEDIO POR UNIDAD DE CONSUMO (Euros);Rioja (La);Libro;2018;74,9
GASTO MEDIO POR UNIDAD DE CONSUMO (Euros);Rioja (La);Libro;2017;72,7
GASTO MEDIO POR UNIDAD DE CONSUMO (Euros);Rioja (La);Libro;2016;72,8
GASTO MEDIO POR UNIDAD DE CONSUMO (Euros);Rioja (La);Publicaciones periódicas;2023;15,0
GASTO MEDIO POR UNIDAD DE CONSUMO (Euros);Rioja (La);Publicaciones periódicas;2022;15,4
GASTO MEDIO POR UNIDAD DE CONSUMO (Euros);Rioja (La);Publicaciones periódicas;2021;20,6
GASTO MEDIO POR UNIDAD DE CONSUMO (Euros);Rioja (La);Publicaciones periódicas;2020;21,7
GASTO MEDIO POR UNIDAD DE CONSUMO (Euros);Rioja (La);Publicaciones periódicas;2019;23,9
GASTO MEDIO POR UNIDAD DE CONSUMO (Euros);Rioja (La);Publicaciones periódicas;2018;27,6
GASTO MEDIO POR UNIDAD DE CONSUMO (Euros);Rioja (La);Publicaciones periódicas;2017;27,3
GASTO MEDIO POR UNIDAD DE CONSUMO (Euros);Rioja (La);Publicaciones periódicas;2016;34,0
GASTO MEDIO POR UNIDAD DE CONSUMO (Euros);Ceuta y Melilla;Libro;2023;..
GASTO MEDIO POR UNIDAD DE CONSUMO (Euros);Ceuta y Melilla;Libro;2022;..
GASTO MEDIO POR UNIDAD DE CONSUMO (Euros);Ceuta y Melilla;Libro;2021;..
GASTO MEDIO POR UNIDAD DE CONSUMO (Euros);Ceuta y Melilla;Libro;2020;..
GASTO MEDIO POR UNIDAD DE CONSUMO (Euros);Ceuta y Melilla;Libro;2019;..
GASTO MEDIO POR UNIDAD DE CONSUMO (Euros);Ceuta y Melilla;Libro;2018;..
GASTO MEDIO POR UNIDAD DE CONSUMO (Euros);Ceuta y Melilla;Libro;2017;..
GASTO MEDIO POR UNIDAD DE CONSUMO (Euros);Ceuta y Melilla;Libro;2016;..
GASTO MEDIO POR UNIDAD DE CONSUMO (Euros);Ceuta y Melilla;Publicaciones periódicas;2023;..
GASTO MEDIO POR UNIDAD DE CONSUMO (Euros);Ceuta y Melilla;Publicaciones periódicas;2022;..
GASTO MEDIO POR UNIDAD DE CONSUMO (Euros);Ceuta y Melilla;Publicaciones periódicas;2021;..
GASTO MEDIO POR UNIDAD DE CONSUMO (Euros);Ceuta y Melilla;Publicaciones periódicas;2020;..
GASTO MEDIO POR UNIDAD DE CONSUMO (Euros);Ceuta y Melilla;Publicaciones periódicas;2019;..
GASTO MEDIO POR UNIDAD DE CONSUMO (Euros);Ceuta y Melilla;Publicaciones periódicas;2018;..
GASTO MEDIO POR UNIDAD DE CONSUMO (Euros);Ceuta y Melilla;Publicaciones periódicas;2017;..
GASTO MEDIO POR UNIDAD DE CONSUMO (Euros);Ceuta y Melilla;Publicaciones periódicas;2016;..
GASTO MEDIO POR PERSONA (Euros);Andalucía;Libro;2023;21,2
GASTO MEDIO POR PERSONA (Euros);Andalucía;Libro;2022;18,2
GASTO MEDIO POR PERSONA (Euros);Andalucía;Libro;2021;23,3
GASTO MEDIO POR PERSONA (Euros);Andalucía;Libro;2020;17,2
GASTO MEDIO POR PERSONA (Euros);Andalucía;Libro;2019;18,3
GASTO MEDIO POR PERSONA (Euros);Andalucía;Libro;2018;23,5
GASTO MEDIO POR PERSONA (Euros);Andalucía;Libro;2017;23,6
GASTO MEDIO POR PERSONA (Euros);Andalucía;Libro;2016;29,3
GASTO MEDIO POR PERSONA (Euros);Andalucía;Publicaciones periódicas;2023;4,8
GASTO MEDIO POR PERSONA (Euros);Andalucía;Publicaciones periódicas;2022;3,7
GASTO MEDIO POR PERSONA (Euros);Andalucía;Publicaciones periódicas;2021;5,1
GASTO MEDIO POR PERSONA (Euros);Andalucía;Publicaciones periódicas;2020;4,9
GASTO MEDIO POR PERSONA (Euros);Andalucía;Publicaciones periódicas;2019;6,6
GASTO MEDIO POR PERSONA (Euros);Andalucía;Publicaciones periódicas;2018;8,1
GASTO MEDIO POR PERSONA (Euros);Andalucía;Publicaciones periódicas;2017;7,8
GASTO MEDIO POR PERSONA (Euros);Andalucía;Publicaciones periódicas;2016;9,7
GASTO MEDIO POR PERSONA (Euros);Aragón;Libro;2023;45,3
GASTO MEDIO POR PERSONA (Euros);Aragón;Libro;2022;53,1
GASTO MEDIO POR PERSONA (Euros);Aragón;Libro;2021;35,3
GASTO MEDIO POR PERSONA (Euros);Aragón;Libro;2020;49,1
GASTO MEDIO POR PERSONA (Euros);Aragón;Libro;2019;41,4
GASTO MEDIO POR PERSONA (Euros);Aragón;Libro;2018;43,5
GASTO MEDIO POR PERSONA (Euros);Aragón;Libro;2017;47,0
GASTO MEDIO POR PERSONA (Euros);Aragón;Libro;2016;47,6
GASTO MEDIO POR PERSONA (Euros);Aragón;Publicaciones periódicas;2023;13,8
GASTO MEDIO POR PERSONA (Euros);Aragón;Publicaciones periódicas;2022;13,3
GASTO MEDIO POR PERSONA (Euros);Aragón;Publicaciones periódicas;2021;12,6
GASTO MEDIO POR PERSONA (Euros);Aragón;Publicaciones periódicas;2020;17,1
GASTO MEDIO POR PERSONA (Euros);Aragón;Publicaciones periódicas;2019;18,3
GASTO MEDIO POR PERSONA (Euros);Aragón;Publicaciones periódicas;2018;18,9
GASTO MEDIO POR PERSONA (Euros);Aragón;Publicaciones periódicas;2017;20,2
GASTO MEDIO POR PERSONA (Euros);Aragón;Publicaciones periódicas;2016;23,5
GASTO MEDIO POR PERSONA (Euros);Asturias (Principado de);Libro;2023;41,7
GASTO MEDIO POR PERSONA (Euros);Asturias (Principado de);Libro;2022;55,2
GASTO MEDIO POR PERSONA (Euros);Asturias (Principado de);Libro;2021;31,9
GASTO MEDIO POR PERSONA (Euros);Asturias (Principado de);Libro;2020;23,9
GASTO MEDIO POR PERSONA (Euros);Asturias (Principado de);Libro;2019;31,7
GASTO MEDIO POR PERSONA (Euros);Asturias (Principado de);Libro;2018;34,4
GASTO MEDIO POR PERSONA (Euros);Asturias (Principado de);Libro;2017;45,7
GASTO MEDIO POR PERSONA (Euros);Asturias (Principado de);Libro;2016;50,8
GASTO MEDIO POR PERSONA (Euros);Asturias (Principado de);Publicaciones periódicas;2023;15,1
GASTO MEDIO POR PERSONA (Euros);Asturias (Principado de);Publicaciones periódicas;2022;14,3
GASTO MEDIO POR PERSONA (Euros);Asturias (Principado de);Publicaciones periódicas;2021;22,3
GASTO MEDIO POR PERSONA (Euros);Asturias (Principado de);Publicaciones periódicas;2020;14,5
GASTO MEDIO POR PERSONA (Euros);Asturias (Principado de);Publicaciones periódicas;2019;21,0
GASTO MEDIO POR PERSONA (Euros);Asturias (Principado de);Publicaciones periódicas;2018;25,9
GASTO MEDIO POR PERSONA (Euros);Asturias (Principado de);Publicaciones periódicas;2017;29,5
GASTO MEDIO POR PERSONA (Euros);Asturias (Principado de);Publicaciones periódicas;2016;29,8
GASTO MEDIO POR PERSONA (Euros);Balears (Illes);Libro;2023;17,0
GASTO MEDIO POR PERSONA (Euros);Balears (Illes);Libro;2022;63,1
GASTO MEDIO POR PERSONA (Euros);Balears (Illes);Libro;2021;43,2
GASTO MEDIO POR PERSONA (Euros);Balears (Illes);Libro;2020;34,0
GASTO MEDIO POR PERSONA (Euros);Balears (Illes);Libro;2019;49,8
GASTO MEDIO POR PERSONA (Euros);Balears (Illes);Libro;2018;42,5
GASTO MEDIO POR PERSONA (Euros);Balears (Illes);Libro;2017;40,1
GASTO MEDIO POR PERSONA (Euros);Balears (Illes);Libro;2016;51,9
GASTO MEDIO POR PERSONA (Euros);Balears (Illes);Publicaciones periódicas;2023;8,8
GASTO MEDIO POR PERSONA (Euros);Balears (Illes);Publicaciones periódicas;2022;9,8
GASTO MEDIO POR PERSONA (Euros);Balears (Illes);Publicaciones periódicas;2021;6,3
GASTO MEDIO POR PERSONA (Euros);Balears (Illes);Publicaciones periódicas;2020;5,0
GASTO MEDIO POR PERSONA (Euros);Balears (Illes);Publicaciones periódicas;2019;8,8
GASTO MEDIO POR PERSONA (Euros);Balears (Illes);Publicaciones periódicas;2018;19,0
GASTO MEDIO POR PERSONA (Euros);Balears (Illes);Publicaciones periódicas;2017;17,0
GASTO MEDIO POR PERSONA (Euros);Balears (Illes);Publicaciones periódicas;2016;20,2
GASTO MEDIO POR PERSONA (Euros);Canarias;Libro;2023;28,5
GASTO MEDIO POR PERSONA (Euros);Canarias;Libro;2022;19,5
GASTO MEDIO POR PERSONA (Euros);Canarias;Libro;2021;22,7
GASTO MEDIO POR PERSONA (Euros);Canarias;Libro;2020;19,0
GASTO MEDIO POR PERSONA (Euros);Canarias;Libro;2019;26,9
GASTO MEDIO POR PERSONA (Euros);Canarias;Libro;2018;32,3
GASTO MEDIO POR PERSONA (Euros);Canarias;Libro;2017;28,5
GASTO MEDIO POR PERSONA (Euros);Canarias;Libro;2016;44,1
GASTO MEDIO POR PERSONA (Euros);Canarias;Publicaciones periódicas;2023;3,1
GASTO MEDIO POR PERSONA (Euros);Canarias;Publicaciones periódicas;2022;3,8
GASTO MEDIO POR PERSONA (Euros);Canarias;Publicaciones periódicas;2021;4,9
GASTO MEDIO POR PERSONA (Euros);Canarias;Publicaciones periódicas;2020;3,0
GASTO MEDIO POR PERSONA (Euros);Canarias;Publicaciones periódicas;2019;4,4
GASTO MEDIO POR PERSONA (Euros);Canarias;Publicaciones periódicas;2018;6,8
GASTO MEDIO POR PERSONA (Euros);Canarias;Publicaciones periódicas;2017;7,9
GASTO MEDIO POR PERSONA (Euros);Canarias;Publicaciones periódicas;2016;11,4
GASTO MEDIO POR PERSONA (Euros);Cantabria;Libro;2023;28,6
GASTO MEDIO POR PERSONA (Euros);Cantabria;Libro;2022;19,5
GASTO MEDIO POR PERSONA (Euros);Cantabria;Libro;2021;24,5
GASTO MEDIO POR PERSONA (Euros);Cantabria;Libro;2020;20,5
GASTO MEDIO POR PERSONA (Euros);Cantabria;Libro;2019;35,8
GASTO MEDIO POR PERSONA (Euros);Cantabria;Libro;2018;31,3
GASTO MEDIO POR PERSONA (Euros);Cantabria;Libro;2017;38,4
GASTO MEDIO POR PERSONA (Euros);Cantabria;Libro;2016;40,1
GASTO MEDIO POR PERSONA (Euros);Cantabria;Publicaciones periódicas;2023;18,4
GASTO MEDIO POR PERSONA (Euros);Cantabria;Publicaciones periódicas;2022;18,8
GASTO MEDIO POR PERSONA (Euros);Cantabria;Publicaciones periódicas;2021;17,3
GASTO MEDIO POR PERSONA (Euros);Cantabria;Publicaciones periódicas;2020;18,1
GASTO MEDIO POR PERSONA (Euros);Cantabria;Publicaciones periódicas;2019;21,8
GASTO MEDIO POR PERSONA (Euros);Cantabria;Publicaciones periódicas;2018;25,9
GASTO MEDIO POR PERSONA (Euros);Cantabria;Publicaciones periódicas;2017;30,1
GASTO MEDIO POR PERSONA (Euros);Cantabria;Publicaciones periódicas;2016;32,5
GASTO MEDIO POR PERSONA (Euros);Castilla y León;Libro;2023;39,9
GASTO MEDIO POR PERSONA (Euros);Castilla y León;Libro;2022;51,8
GASTO MEDIO POR PERSONA (Euros);Castilla y León;Libro;2021;63,2
GASTO MEDIO POR PERSONA (Euros);Castilla y León;Libro;2020;50,6
GASTO MEDIO POR PERSONA (Euros);Castilla y León;Libro;2019;45,2
GASTO MEDIO POR PERSONA (Euros);Castilla y León;Libro;2018;49,9
GASTO MEDIO POR PERSONA (Euros);Castilla y León;Libro;2017;54,0
GASTO MEDIO POR PERSONA (Euros);Castilla y León;Libro;2016;60,6
GASTO MEDIO POR PERSONA (Euros);Castilla y León;Publicaciones periódicas;2023;12,8
GASTO MEDIO POR PERSONA (Euros);Castilla y León;Publicaciones periódicas;2022;11,9
GASTO MEDIO POR PERSONA (Euros);Castilla y León;Publicaciones periódicas;2021;22,1
GASTO MEDIO POR PERSONA (Euros);Castilla y León;Publicaciones periódicas;2020;18,6
GASTO MEDIO POR PERSONA (Euros);Castilla y León;Publicaciones periódicas;2019;15,7
GASTO MEDIO POR PERSONA (Euros);Castilla y León;Publicaciones periódicas;2018;16,5
GASTO MEDIO POR PERSONA (Euros);Castilla y León;Publicaciones periódicas;2017;20,3
GASTO MEDIO POR PERSONA (Euros);Castilla y León;Publicaciones periódicas;2016;19,9
GASTO MEDIO POR PERSONA (Euros);Castilla-La Mancha;Libro;2023;33,1
GASTO MEDIO POR PERSONA (Euros);Castilla-La Mancha;Libro;2022;30,2
GASTO MEDIO POR PERSONA (Euros);Castilla-La Mancha;Libro;2021;25,4
GASTO MEDIO POR PERSONA (Euros);Castilla-La Mancha;Libro;2020;30,9
GASTO MEDIO POR PERSONA (Euros);Castilla-La Mancha;Libro;2019;35,7
GASTO MEDIO POR PERSONA (Euros);Castilla-La Mancha;Libro;2018;39,7
GASTO MEDIO POR PERSONA (Euros);Castilla-La Mancha;Libro;2017;32,5
GASTO MEDIO POR PERSONA (Euros);Castilla-La Mancha;Libro;2016;42,2
GASTO MEDIO POR PERSONA (Euros);Castilla-La Mancha;Publicaciones periódicas;2023;3,5
GASTO MEDIO POR PERSONA (Euros);Castilla-La Mancha;Publicaciones periódicas;2022;3,8
GASTO MEDIO POR PERSONA (Euros);Castilla-La Mancha;Publicaciones periódicas;2021;4,9
GASTO MEDIO POR PERSONA (Euros);Castilla-La Mancha;Publicaciones periódicas;2020;12,3
GASTO MEDIO POR PERSONA (Euros);Castilla-La Mancha;Publicaciones periódicas;2019;5,6
GASTO MEDIO POR PERSONA (Euros);Castilla-La Mancha;Publicaciones periódicas;2018;5,8
GASTO MEDIO POR PERSONA (Euros);Castilla-La Mancha;Publicaciones periódicas;2017;6,4
GASTO MEDIO POR PERSONA (Euros);Castilla-La Mancha;Publicaciones periódicas;2016;8,4
GASTO MEDIO POR PERSONA (Euros);Cataluña;Libro;2023;36,6
GASTO MEDIO POR PERSONA (Euros);Cataluña;Libro;2022;57,1
GASTO MEDIO POR PERSONA (Euros);Cataluña;Libro;2021;33,9
GASTO MEDIO POR PERSONA (Euros);Cataluña;Libro;2020;36,5
GASTO MEDIO POR PERSONA (Euros);Cataluña;Libro;2019;41,7
GASTO MEDIO POR PERSONA (Euros);Cataluña;Libro;2018;39,8
GASTO MEDIO POR PERSONA (Euros);Cataluña;Libro;2017;51,4
GASTO MEDIO POR PERSONA (Euros);Cataluña;Libro;2016;64,9
GASTO MEDIO POR PERSONA (Euros);Cataluña;Publicaciones periódicas;2023;4,9
GASTO MEDIO POR PERSONA (Euros);Cataluña;Publicaciones periódicas;2022;8,6
GASTO MEDIO POR PERSONA (Euros);Cataluña;Publicaciones periódicas;2021;9,4
GASTO MEDIO POR PERSONA (Euros);Cataluña;Publicaciones periódicas;2020;9,7
GASTO MEDIO POR PERSONA (Euros);Cataluña;Publicaciones periódicas;2019;12,7
GASTO MEDIO POR PERSONA (Euros);Cataluña;Publicaciones periódicas;2018;13,4
GASTO MEDIO POR PERSONA (Euros);Cataluña;Publicaciones periódicas;2017;16,0
GASTO MEDIO POR PERSONA (Euros);Cataluña;Publicaciones periódicas;2016;19,3
GASTO MEDIO POR PERSONA (Euros);Comunitat Valenciana;Libro;2023;26,3
GASTO MEDIO POR PERSONA (Euros);Comunitat Valenciana;Libro;2022;30,2
GASTO MEDIO POR PERSONA (Euros);Comunitat Valenciana;Libro;2021;32,6
GASTO MEDIO POR PERSONA (Euros);Comunitat Valenciana;Libro;2020;36,8
GASTO MEDIO POR PERSONA (Euros);Comunitat Valenciana;Libro;2019;37,3
GASTO MEDIO POR PERSONA (Euros);Comunitat Valenciana;Libro;2018;42,1
GASTO MEDIO POR PERSONA (Euros);Comunitat Valenciana;Libro;2017;38,8
GASTO MEDIO POR PERSONA (Euros);Comunitat Valenciana;Libro;2016;48,5
GASTO MEDIO POR PERSONA (Euros);Comunitat Valenciana;Publicaciones periódicas;2023;4,4
GASTO MEDIO POR PERSONA (Euros);Comunitat Valenciana;Publicaciones periódicas;2022;5,6
GASTO MEDIO POR PERSONA (Euros);Comunitat Valenciana;Publicaciones periódicas;2021;6,5
GASTO MEDIO POR PERSONA (Euros);Comunitat Valenciana;Publicaciones periódicas;2020;6,5
GASTO MEDIO POR PERSONA (Euros);Comunitat Valenciana;Publicaciones periódicas;2019;9,4
GASTO MEDIO POR PERSONA (Euros);Comunitat Valenciana;Publicaciones periódicas;2018;11,9
GASTO MEDIO POR PERSONA (Euros);Comunitat Valenciana;Publicaciones periódicas;2017;11,8
GASTO MEDIO POR PERSONA (Euros);Comunitat Valenciana;Publicaciones periódicas;2016;15,7
GASTO MEDIO POR PERSONA (Euros);Extremadura;Libro;2023;31,2
GASTO MEDIO POR PERSONA (Euros);Extremadura;Libro;2022;29,1
GASTO MEDIO POR PERSONA (Euros);Extremadura;Libro;2021;31,1
GASTO MEDIO POR PERSONA (Euros);Extremadura;Libro;2020;30,3
GASTO MEDIO POR PERSONA (Euros);Extremadura;Libro;2019;27,2
GASTO MEDIO POR PERSONA (Euros);Extremadura;Libro;2018;30,9
GASTO MEDIO POR PERSONA (Euros);Extremadura;Libro;2017;32,6
GASTO MEDIO POR PERSONA (Euros);Extremadura;Libro;2016;33,3
GASTO MEDIO POR PERSONA (Euros);Extremadura;Publicaciones periódicas;2023;3,4
GASTO MEDIO POR PERSONA (Euros);Extremadura;Publicaciones periódicas;2022;3,8
GASTO MEDIO POR PERSONA (Euros);Extremadura;Publicaciones periódicas;2021;8,7
GASTO MEDIO POR PERSONA (Euros);Extremadura;Publicaciones periódicas;2020;4,7
GASTO MEDIO POR PERSONA (Euros);Extremadura;Publicaciones periódicas;2019;6,5
GASTO MEDIO POR PERSONA (Euros);Extremadura;Publicaciones periódicas;2018;5,4
GASTO MEDIO POR PERSONA (Euros);Extremadura;Publicaciones periódicas;2017;6,3
GASTO MEDIO POR PERSONA (Euros);Extremadura;Publicaciones periódicas;2016;10,9
GASTO MEDIO POR PERSONA (Euros);Galicia;Libro;2023;44,1
GASTO MEDIO POR PERSONA (Euros);Galicia;Libro;2022;40,4
GASTO MEDIO POR PERSONA (Euros);Galicia;Libro;2021;45,6
GASTO MEDIO POR PERSONA (Euros);Galicia;Libro;2020;49,7
GASTO MEDIO POR PERSONA (Euros);Galicia;Libro;2019;36,2
GASTO MEDIO POR PERSONA (Euros);Galicia;Libro;2018;36,5
GASTO MEDIO POR PERSONA (Euros);Galicia;Libro;2017;31,5
GASTO MEDIO POR PERSONA (Euros);Galicia;Libro;2016;32,0
GASTO MEDIO POR PERSONA (Euros);Galicia;Publicaciones periódicas;2023;14,2
GASTO MEDIO POR PERSONA (Euros);Galicia;Publicaciones periódicas;2022;13,4
GASTO MEDIO POR PERSONA (Euros);Galicia;Publicaciones periódicas;2021;16,9
GASTO MEDIO POR PERSONA (Euros);Galicia;Publicaciones periódicas;2020;17,7
GASTO MEDIO POR PERSONA (Euros);Galicia;Publicaciones periódicas;2019;14,9
GASTO MEDIO POR PERSONA (Euros);Galicia;Publicaciones periódicas;2018;16,0
GASTO MEDIO POR PERSONA (Euros);Galicia;Publicaciones periódicas;2017;17,3
GASTO MEDIO POR PERSONA (Euros);Galicia;Publicaciones periódicas;2016;23,5
GASTO MEDIO POR PERSONA (Euros);Madrid (Comunidad de);Libro;2023;47,1
GASTO MEDIO POR PERSONA (Euros);Madrid (Comunidad de);Libro;2022;51,0
GASTO MEDIO POR PERSONA (Euros);Madrid (Comunidad de);Libro;2021;42,5
GASTO MEDIO POR PERSONA (Euros);Madrid (Comunidad de);Libro;2020;52,2
GASTO MEDIO POR PERSONA (Euros);Madrid (Comunidad de);Libro;2019;56,8
GASTO MEDIO POR PERSONA (Euros);Madrid (Comunidad de);Libro;2018;63,9
GASTO MEDIO POR PERSONA (Euros);Madrid (Comunidad de);Libro;2017;67,4
GASTO MEDIO POR PERSONA (Euros);Madrid (Comunidad de);Libro;2016;69,8
GASTO MEDIO POR PERSONA (Euros);Madrid (Comunidad de);Publicaciones periódicas;2023;6,4
GASTO MEDIO POR PERSONA (Euros);Madrid (Comunidad de);Publicaciones periódicas;2022;7,5
GASTO MEDIO POR PERSONA (Euros);Madrid (Comunidad de);Publicaciones periódicas;2021;9,7
GASTO MEDIO POR PERSONA (Euros);Madrid (Comunidad de);Publicaciones periódicas;2020;9,7
GASTO MEDIO POR PERSONA (Euros);Madrid (Comunidad de);Publicaciones periódicas;2019;14,9
GASTO MEDIO POR PERSONA (Euros);Madrid (Comunidad de);Publicaciones periódicas;2018;14,8
GASTO MEDIO POR PERSONA (Euros);Madrid (Comunidad de);Publicaciones periódicas;2017;17,9
GASTO MEDIO POR PERSONA (Euros);Madrid (Comunidad de);Publicaciones periódicas;2016;20,1
GASTO MEDIO POR PERSONA (Euros);Murcia (Región de);Libro;2023;43,8
GASTO MEDIO POR PERSONA (Euros);Murcia (Región de);Libro;2022;42,4
GASTO MEDIO POR PERSONA (Euros);Murcia (Región de);Libro;2021;37,4
GASTO MEDIO POR PERSONA (Euros);Murcia (Región de);Libro;2020;30,2
GASTO MEDIO POR PERSONA (Euros);Murcia (Región de);Libro;2019;56,6
GASTO MEDIO POR PERSONA (Euros);Murcia (Región de);Libro;2018;42,2
GASTO MEDIO POR PERSONA (Euros);Murcia (Región de);Libro;2017;51,6
GASTO MEDIO POR PERSONA (Euros);Murcia (Región de);Libro;2016;50,2
GASTO MEDIO POR PERSONA (Euros);Murcia (Región de);Publicaciones periódicas;2023;1,3
GASTO MEDIO POR PERSONA (Euros);Murcia (Región de);Publicaciones periódicas;2022;3,1
GASTO MEDIO POR PERSONA (Euros);Murcia (Región de);Publicaciones periódicas;2021;4,3
GASTO MEDIO POR PERSONA (Euros);Murcia (Región de);Publicaciones periódicas;2020;3,9
GASTO MEDIO POR PERSONA (Euros);Murcia (Región de);Publicaciones periódicas;2019;8,5
GASTO MEDIO POR PERSONA (Euros);Murcia (Región de);Publicaciones periódicas;2018;8,0
GASTO MEDIO POR PERSONA (Euros);Murcia (Región de);Publicaciones periódicas;2017;10,0
GASTO MEDIO POR PERSONA (Euros);Murcia (Región de);Publicaciones periódicas;2016;16,6
GASTO MEDIO POR PERSONA (Euros);Navarra (Comunidad Foral de);Libro;2023;26,5
GASTO MEDIO POR PERSONA (Euros);Navarra (Comunidad Foral de);Libro;2022;35,0
GASTO MEDIO POR PERSONA (Euros);Navarra (Comunidad Foral de);Libro;2021;30,7
GASTO MEDIO POR PERSONA (Euros);Navarra (Comunidad Foral de);Libro;2020;27,3
GASTO MEDIO POR PERSONA (Euros);Navarra (Comunidad Foral de);Libro;2019;39,3
GASTO MEDIO POR PERSONA (Euros);Navarra (Comunidad Foral de);Libro;2018;48,8
GASTO MEDIO POR PERSONA (Euros);Navarra (Comunidad Foral de);Libro;2017;45,6
GASTO MEDIO POR PERSONA (Euros);Navarra (Comunidad Foral de);Libro;2016;47,6
GASTO MEDIO POR PERSONA (Euros);Navarra (Comunidad Foral de);Publicaciones periódicas;2023;26,6
GASTO MEDIO POR PERSONA (Euros);Navarra (Comunidad Foral de);Publicaciones periódicas;2022;30,3
GASTO MEDIO POR PERSONA (Euros);Navarra (Comunidad Foral de);Publicaciones periódicas;2021;33,3
GASTO MEDIO POR PERSONA (Euros);Navarra (Comunidad Foral de);Publicaciones periódicas;2020;37,5
GASTO MEDIO POR PERSONA (Euros);Navarra (Comunidad Foral de);Publicaciones periódicas;2019;30,6
GASTO MEDIO POR PERSONA (Euros);Navarra (Comunidad Foral de);Publicaciones periódicas;2018;36,7
GASTO MEDIO POR PERSONA (Euros);Navarra (Comunidad Foral de);Publicaciones periódicas;2017;43,0
GASTO MEDIO POR PERSONA (Euros);Navarra (Comunidad Foral de);Publicaciones periódicas;2016;43,8
GASTO MEDIO POR PERSONA (Euros);País Vasco;Libro;2023;30,8
GASTO MEDIO POR PERSONA (Euros);País Vasco;Libro;2022;38,2
GASTO MEDIO POR PERSONA (Euros);País Vasco;Libro;2021;37,0
GASTO MEDIO POR PERSONA (Euros);País Vasco;Libro;2020;36,5
GASTO MEDIO POR PERSONA (Euros);País Vasco;Libro;2019;34,1
GASTO MEDIO POR PERSONA (Euros);País Vasco;Libro;2018;37,4
GASTO MEDIO POR PERSONA (Euros);País Vasco;Libro;2017;37,4
GASTO MEDIO POR PERSONA (Euros);País Vasco;Libro;2016;49,8
GASTO MEDIO POR PERSONA (Euros);País Vasco;Publicaciones periódicas;2023;30,5
GASTO MEDIO POR PERSONA (Euros);País Vasco;Publicaciones periódicas;2022;28,8
GASTO MEDIO POR PERSONA (Euros);País Vasco;Publicaciones periódicas;2021;34,8
GASTO MEDIO POR PERSONA (Euros);País Vasco;Publicaciones periódicas;2020;38,7
GASTO MEDIO POR PERSONA (Euros);País Vasco;Publicaciones periódicas;2019;35,7
GASTO MEDIO POR PERSONA (Euros);País Vasco;Publicaciones periódicas;2018;38,5
GASTO MEDIO POR PERSONA (Euros);País Vasco;Publicaciones periódicas;2017;48,4
GASTO MEDIO POR PERSONA (Euros);País Vasco;Publicaciones periódicas;2016;44,5
GASTO MEDIO POR PERSONA (Euros);Rioja (La);Libro;2023;46,7
GASTO MEDIO POR PERSONA (Euros);Rioja (La);Libro;2022;50,3
GASTO MEDIO POR PERSONA (Euros);Rioja (La);Libro;2021;43,5
GASTO MEDIO POR PERSONA (Euros);Rioja (La);Libro;2020;55,0
GASTO MEDIO POR PERSONA (Euros);Rioja (La);Libro;2019;65,7
GASTO MEDIO POR PERSONA (Euros);Rioja (La);Libro;2018;51,2
GASTO MEDIO POR PERSONA (Euros);Rioja (La);Libro;2017;49,7
GASTO MEDIO POR PERSONA (Euros);Rioja (La);Libro;2016;49,7
GASTO MEDIO POR PERSONA (Euros);Rioja (La);Publicaciones periódicas;2023;10,3
GASTO MEDIO POR PERSONA (Euros);Rioja (La);Publicaciones periódicas;2022;10,6
GASTO MEDIO POR PERSONA (Euros);Rioja (La);Publicaciones periódicas;2021;14,2
GASTO MEDIO POR PERSONA (Euros);Rioja (La);Publicaciones periódicas;2020;14,9
GASTO MEDIO POR PERSONA (Euros);Rioja (La);Publicaciones periódicas;2019;16,4
GASTO MEDIO POR PERSONA (Euros);Rioja (La);Publicaciones periódicas;2018;18,9
GASTO MEDIO POR PERSONA (Euros);Rioja (La);Publicaciones periódicas;2017;18,6
GASTO MEDIO POR PERSONA (Euros);Rioja (La);Publicaciones periódicas;2016;23,3
GASTO MEDIO POR PERSONA (Euros);Ceuta y Melilla;Libro;2023;..
GASTO MEDIO POR PERSONA (Euros);Ceuta y Melilla;Libro;2022;..
GASTO MEDIO POR PERSONA (Euros);Ceuta y Melilla;Libro;2021;..
GASTO MEDIO POR PERSONA (Euros);Ceuta y Melilla;Libro;2020;..
GASTO MEDIO POR PERSONA (Euros);Ceuta y Melilla;Libro;2019;..
GASTO MEDIO POR PERSONA (Euros);Ceuta y Melilla;Libro;2018;..
GASTO MEDIO POR PERSONA (Euros);Ceuta y Melilla;Libro;2017;..
GASTO MEDIO POR PERSONA (Euros);Ceuta y Melilla;Libro;2016;..
GASTO MEDIO POR PERSONA (Euros);Ceuta y Melilla;Publicaciones periódicas;2023;..
GASTO MEDIO POR PERSONA (Euros);Ceuta y Melilla;Publicaciones periódicas;2022;..
GASTO MEDIO POR PERSONA (Euros);Ceuta y Melilla;Publicaciones periódicas;2021;..
GASTO MEDIO POR PERSONA (Euros);Ceuta y Melilla;Publicaciones periódicas;2020;..
GASTO MEDIO POR PERSONA (Euros);Ceuta y Melilla;Publicaciones periódicas;2019;..
GASTO MEDIO POR PERSONA (Euros);Ceuta y Melilla;Publicaciones periódicas;2018;..
GASTO MEDIO POR PERSONA (Euros);Ceuta y Melilla;Publicaciones periódicas;2017;..
GASTO MEDIO POR PERSONA (Euros);Ceuta y Melilla;Publicaciones periódicas;2016;..
